Timestamp,measurement_ID,sample_ID,pfas_ID,mean_arithmetic,mean_comment,SE,SE_comment,SD,SD_comment,n_total,group_info,LOQ,median,LOD,min,max,min_max_comment,n_comment,LOQ_comment,LOD_comment,mean_geometric,limit_type,n,measurement_comment
22/06/2022 13:20:34,m_001,sm_001,pfas_001,27.29,ng/g,NA,NA,14.22,NA,17,adult,NA,NA,NA,8.42,58.8,NA,NA,NA,NA,NA,NA,17,NA
22/06/2022 13:40:43,m_002,sm_002,pfas_001,75.08,ng/g ww,NA,NA,30.87,NA,34,egg,NA,NA,NA,31.8,140,NA,"""mean values of 74.7±29.2 ng/g ww for the 27 eggs for which we captured at least one of the adults"" Should I extract the statistics of all the 34 samples or of only the 27 eggs? If I opt for the latter, change accordingly.",NA,NA,NA,NA,34,NA
22/06/2022 13:43:05,m_003,sm_003,pfas_001,25.17,ng/g,NA,NA,12.65,NA,12,adult,NA,NA,NA,11.3,50.7,NA,NA,NA,NA,NA,NA,12,NA
22/06/2022 13:44:21,m_004,sm_004,pfas_001,87.93,ng/g ww,NA,NA,23.13,NA,36,egg,NA,NA,NA,50.7,149,NA,"""mean values of 82.5±22.9 ng/g ww for the 17 eggs for which we captured at least one of the adults."" Should I extract the statistics of all the 36 samples or of only the 17 eggs? If I opt for the latter, change accordingly.",NA,NA,NA,NA,36,NA
22/06/2022 15:18:34,m_005,sm_005,pfas_004,0.68,"Arithmetic mean percent reported in the study = 0.8 +- 0.3 (mean +- SE). The study provides the ΣPFSA = 85 +- 16 (mean +- SE, ng/g ww) from which we calculate the individual PFAS type concentration.",0.255,We calculated the SE from the standard error of the aritmetic mean percent.,0.7212489168,Not provided. We calculated the SD from standard error and sample size using the following formula SD = SE x √n.,8,adult,NA,NA,NA,NA,NA,NA,"""Samples of organs and tissues, i.e., liver, blood, whole brain, muscle and adipose, were collected from female herring gulls (n = 8)""",NA,NA,NA,NA,8,SE=(ΣPFSA/100)*PFAS type arithmetic mean percent. SD=SE/SQRT(n).
22/06/2022 15:21:40,m_006,sm_005,pfas_001,83.98,"Arithmetic mean percent reported in the study = 98.8 +- 0.3. The study provides the ΣPFSA = 85 +- 16 (mean +- SE, ng/g ww) from which we can calculate the individual PFAS type concentration.",0.255,We calculated the SE from the standard error of the aritmetic mean percent.,0.7212489168,Not provided. We calculated the SD from standard error and sample size using the following formula SD = SE x √n.,8,adult,NA,NA,NA,NA,NA,NA,"""Samples of organs and tissues, i.e., liver, blood, whole brain, muscle and adipose, were collected from female herring gulls (n = 8)""",NA,NA,NA,NA,8,SE=(ΣPFSA/100)*PFAS type arithmetic mean percent. SD=SE/SQRT(n).
22/06/2022 15:22:48,m_007,sm_005,pfas_005,0.425,"Arithmetic mean percent reported in the study = 0.5 +- 0.1. The study provides the ΣPFSA = 85 +- 16 (mean +- SE, ng/g ww) from which we can calculate the individual PFAS type concentration.",0.085,We calculated the SE from the standard error of the aritmetic mean percent.,0.2404163056,Not provided. We calculated the SD from standard error and sample size using the following formula SD = SE x √n.,8,adult,NA,NA,NA,NA,NA,NA,"""Samples of organs and tissues, i.e., liver, blood, whole brain, muscle and adipose, were collected from female herring gulls (n = 8)""",NA,NA,NA,NA,8,SE=(ΣPFSA/100)*PFAS type arithmetic mean percent. SD=SE/SQRT(n).
22/06/2022 15:27:36,m_008,sm_005,pfas_006,NA,Check LOQ value,NA,NA,NA,NA,8,adult,0.05,NA,NA,NA,NA,NA,"""Samples of organs and tissues, i.e., liver, blood, whole brain, muscle and adipose, were collected from female herring gulls (n = 8)""","Value under the method limits of quantitation (MLOQs). ""MLOQs for PFSAs and PFCAs were <0.1 and <0.05 ng/g ww, respectively.""",NA,NA,LOQ,8,NA
22/06/2022 15:42:04,m_009,sm_005,pfas_007,NA,Check LOQ value,NA,NA,NA,NA,8,adult,0.05,NA,NA,NA,NA,NA,"""Samples of organs and tissues, i.e., liver, blood, whole brain, muscle and adipose, were collected from female herring gulls (n = 8)""","Value under the method limits of quantitation (MLOQs). ""MLOQs for PFSAs and PFCAs were <0.1 and <0.05 ng/g ww, respectively.""",NA,NA,LOQ,8,NA
22/06/2022 15:44:59,m_010,sm_005,pfas_002,0.7384,"Arithmetic mean percent reported in the study = 14.2 +- 4.5. The study provides the ΣPFCA = 5.2 +- 3.8 (mean +- SE, ng/g ww) from which we can calculate the individual PFAS type concentration.",0.234,We calculated the SE from the standard error of the aritmetic mean percent.,0.6618519472,Not provided. We calculated the SD from standard error and sample size using the following formula SD = SE x √n.,8,adult,NA,NA,NA,NA,NA,NA,"""Samples of organs and tissues, i.e., liver, blood, whole brain, muscle and adipose, were collected from female herring gulls (n = 8)""",NA,NA,NA,NA,8,SE=(ΣPFCA/100)*PFAS type arithmetic mean percent. SD=SE/SQRT(n).
22/06/2022 15:46:35,m_011,sm_005,pfas_008,1.2376,"Arithmetic mean percent reported in the study = 23.8 +- 4.5. The study provides the ΣPFCA = 5.2 +- 3.8 (mean +- SE, ng/g ww) from which we can calculate the individual PFAS type concentration.",0.234,We calculated the SE from the standard error of the aritmetic mean percent.,0.6618519472,Not provided. We calculated the SD from standard error and sample size using the following formula SD = SE x √n.,8,adult,NA,NA,NA,NA,NA,NA,"""Samples of organs and tissues, i.e., liver, blood, whole brain, muscle and adipose, were collected from female herring gulls (n = 8)""",NA,NA,NA,NA,8,SE=(ΣPFCA/100)*PFAS type arithmetic mean percent. SD=SE/SQRT(n).
22/06/2022 15:49:16,m_012,sm_005,pfas_009,1.4768,"Arithmetic mean percent reported in the study = 28.4 +- 2.7. The study provides the ΣPFCA = 5.2 +- 3.8 (mean +- SE, ng/g ww) from which we can calculate the individual PFAS type concentration.",0.1404,We calculated the SE from the standard error of the aritmetic mean percent.,0.3971111683,Not provided. We calculated the SD from standard error and sample size using the following formula SD = SE x √n.,8,adult,NA,NA,NA,NA,NA,NA,"""Samples of organs and tissues, i.e., liver, blood, whole brain, muscle and adipose, were collected from female herring gulls (n = 8)""",NA,NA,NA,NA,8,SE=(ΣPFCA/100)*PFAS type arithmetic mean percent. SD=SE/SQRT(n).
22/06/2022 15:52:41,m_013,sm_005,pfas_010,1.2428,"Arithmetic mean percent reported in the study = 23.9 +- 2.4. The study provides the ΣPFCA = 5.2 +- 3.8 (mean +- SE, ng/g ww) from which we can calculate the individual PFAS type concentration.",0.1248,We calculated the SE from the standard error of the aritmetic mean percent.,0.3529877052,Not provided. We calculated the SD from standard error and sample size using the following formula SD = SE x √n.,8,adult,NA,NA,NA,NA,NA,NA,"""Samples of organs and tissues, i.e., liver, blood, whole brain, muscle and adipose, were collected from female herring gulls (n = 8)""",NA,NA,NA,NA,8,SE=(ΣPFCA/100)*PFAS type arithmetic mean percent. SD=SE/SQRT(n).
22/06/2022 15:54:58,m_014,sm_005,pfas_011,NA,Check min_max_comment,NA,NA,NA,NA,8,adult,NA,NA,NA,0,0.052,"Percent range reported in the study = 0 - 1. The study provides the ΣPFCA = 5.2 +- 3.8 (mean +- SE, ng/g ww) from which we can calculate the individual PFAS concentration range.","""Samples of organs and tissues, i.e., liver, blood, whole brain, muscle and adipose, were collected from female herring gulls (n = 8)""",NA,NA,NA,NA,8,"""Where detection of the individual PFSAs or PFCAs was <60% in individual eggs or tissues, a min. max. percent range is given."""
22/06/2022 15:56:44,m_015,sm_005,pfas_012,NA,Check min_max_comment,NA,NA,NA,NA,8,adult,NA,NA,NA,0,0.5668,"Percent range reported in the study = 0 - 10.9. The study provides the ΣPFCA = 5.2 +- 3.8 (mean +- SE, ng/g ww) from which we can calculate the individual PFAS concentration range.","""Samples of organs and tissues, i.e., liver, blood, whole brain, muscle and adipose, were collected from female herring gulls (n = 8)""",NA,NA,NA,NA,8,"""Where detection of the individual PFSAs or PFCAs was <60% in individual eggs or tissues, a min. max. percent range is given."""
22/06/2022 15:57:31,m_016,sm_005,pfas_013,NA,Check min_max_comment,NA,NA,NA,NA,8,adult,NA,NA,NA,0,0.7956,"Percent range reported in the study = 0 - 15.3. The study provides the ΣPFCA = 5.2 +- 3.8 (mean +- SE, ng/g ww) from which we can calculate the individual PFAS concentration range.","""Samples of organs and tissues, i.e., liver, blood, whole brain, muscle and adipose, were collected from female herring gulls (n = 8)""",NA,NA,NA,NA,8,"""Where detection of the individual PFSAs or PFCAs was <60% in individual eggs or tissues, a min. max. percent range is given."""
22/06/2022 15:58:34,m_017,sm_005,pfas_014,NA,Check LOQ value,NA,NA,NA,NA,8,adult,0.05,NA,NA,NA,NA,NA,"""Samples of organs and tissues, i.e., liver, blood, whole brain, muscle and adipose, were collected from female herring gulls (n = 8)""","""Value under the method limits of quantitation (MLOQs). MLOQs for PFSAs and PFCAs were <0.1 and <0.05 ng/g ww, respectively.""",NA,NA,LOQ,8,NA
22/06/2022 16:02:50,m_018,sm_006,pfas_004,NA,Check min_max_comment,NA,NA,NA,NA,8,adult,NA,NA,NA,0,0.075,"Percent range reported in the study = 0 - 1.5. The study provides the ΣPFSA = 5.0 +- 0.9 (mean +- SE, ng/g ww) from which we can calculate the individual PFAS concentration range.","""Samples of organs and tissues, i.e., liver, blood, whole brain, muscle and adipose, were collected from female herring gulls (n = 8)""",NA,NA,NA,NA,8,"""Where detection of the individual PFSAs or PFCAs was <60% in individual eggs or tissues, a min.emax. percent range is given."""
22/06/2022 16:04:28,m_019,sm_006,pfas_001,4.42,"Arithmetic mean percent reported in the study = 88.4 +- 1.7. The study provides the ΣPFSA = 5.0 +- 0.9 (mean +- SE, ng/g ww) from which we can calculate the individual PFAS type concentration.",0.085,We calculated the SE from the standard error of the aritmetic mean percent.,0.2404163056,Not provided. We calculated the SD from standard error and sample size using the following formula SD = SE x √n.,8,adult,NA,NA,NA,NA,NA,NA,"""Samples of organs and tissues, i.e., liver, blood, whole brain, muscle and adipose, were collected from female herring gulls (n = 8)""",NA,NA,NA,NA,8,SE=(ΣPFSA/100)*PFAS type arithmetic mean percent. SD=SE/SQRT(n).
22/06/2022 16:05:47,m_020,sm_006,pfas_005,0.57,"Arithmetic mean percent reported in the study = 11.4 +- 1.5. The study provides the ΣPFSA = 5.0 +- 0.9 (mean +- SE, ng/g ww) from which we can calculate the individual PFAS type concentration.",0.075,We calculated the SE from the standard error of the aritmetic mean percent.,0.2121320344,Not provided. We calculated the SD from standard error and sample size using the following formula SD = SE x √n.,8,adult,NA,NA,NA,NA,NA,NA,"""Samples of organs and tissues, i.e., liver, blood, whole brain, muscle and adipose, were collected from female herring gulls (n = 8)""",NA,NA,NA,NA,8,SE=(ΣPFSA/100)*PFAS type arithmetic mean percent. SD=SE/SQRT(n).
22/06/2022 16:11:07,m_021,sm_006,pfas_006,NA,Check LOQ value,NA,NA,NA,NA,8,adult,0.05,NA,NA,NA,NA,NA,"""Samples of organs and tissues, i.e., liver, blood, whole brain, muscle and adipose, were collected from female herring gulls (n = 8)""","""Value under the method limits of quantitation (MLOQs). MLOQs for PFSAs and PFCAs were <0.1 and <0.05 ng/g ww, respectively.""",NA,NA,LOQ,8,NA
22/06/2022 16:15:02,m_022,sm_006,pfas_007,NA,Check LOQ value,NA,NA,NA,NA,8,adult,0.05,NA,NA,NA,NA,NA,"""Samples of organs and tissues, i.e., liver, blood, whole brain, muscle and adipose, were collected from female herring gulls (n = 8)""","""Value under the method limits of quantitation (MLOQs). MLOQs for PFSAs and PFCAs were <0.1 and <0.05 ng/g ww, respectively.""",NA,NA,LOQ,8,NA
22/06/2022 16:16:12,m_023,sm_006,pfas_002,NA,Check min_max_comment,NA,NA,NA,NA,8,adult,NA,NA,NA,0,0.066,"Percent range reported in the study = 0 - 0.3. The study provides the ΣPFCA = 22 +- 2 (mean +- SE, ng/g ww) from which we can calculate the individual PFAS concentration range.","""Samples of organs and tissues, i.e., liver, blood, whole brain, muscle and adipose, were collected from female herring gulls (n = 8)""",NA,NA,NA,NA,8,"""Where detection of the individual PFSAs or PFCAs was <60% in individual eggs or tissues, a min.emax. percent range is given."""
22/06/2022 16:16:54,m_024,sm_006,pfas_008,NA,Check LOQ value,NA,NA,NA,NA,8,adult,0.05,NA,NA,NA,NA,NA,"""Samples of organs and tissues, i.e., liver, blood, whole brain, muscle and adipose, were collected from female herring gulls (n = 8)""","""Value under the method limits of quantitation (MLOQs). MLOQs for PFSAs and PFCAs were <0.1 and <0.05 ng/g ww, respectively.""",NA,NA,LOQ,8,NA
22/06/2022 16:18:49,m_025,sm_006,pfas_009,0.308,"Arithmetic mean percent reported in the study = 1.4 +- 0.3. The study provides the ΣPFCA = 22 +- 2 (mean +- SE, ng/g ww) from which we can calculate the individual PFAS type concentration.",0.066,We calculated the SE from the standard error of the aritmetic mean percent.,0.1866761902,Not provided. We calculated the SD from standard error and sample size using the following formula SD = SE x √n.,8,adult,NA,NA,NA,NA,NA,NA,"""Samples of organs and tissues, i.e., liver, blood, whole brain, muscle and adipose, were collected from female herring gulls (n = 8)""",NA,NA,NA,NA,8,SE=(ΣPFCA/100)*PFAS type arithmetic mean percent. SD=SE/SQRT(n).
22/06/2022 16:20:05,m_026,sm_006,pfas_010,0.814,"Arithmetic mean percent reported in the study = 3.7 +- 0.8. The study provides the ΣPFCA = 22 +- 2 (mean +- SE, ng/g ww) from which we can calculate the individual PFAS type concentration.",0.176,We calculated the SE from the standard error of the aritmetic mean percent.,0.497803174,Not provided. We calculated the SD from standard error and sample size using the following formula SD = SE x √n.,8,adult,NA,NA,NA,NA,NA,NA,"""Samples of organs and tissues, i.e., liver, blood, whole brain, muscle and adipose, were collected from female herring gulls (n = 8)""",NA,NA,NA,NA,8,SE=(ΣPFCA/100)*PFAS type arithmetic mean percent. SD=SE/SQRT(n).
22/06/2022 16:33:19,m_027,sm_006,pfas_011,7.2,"Arithmetic mean percent reported in the study = 7.2 +- 0.9. The study provides the ΣPFCA = 22 +- 2 (mean +- SE, ng/g ww) from which we can calculate the individual PFAS type concentration.",0.198,We calculated the SE from the standard error of the aritmetic mean percent.,0.5600285707,Not provided. We calculated the SD from standard error and sample size using the following formula SD = SE x √n.,8,adult,NA,NA,NA,NA,NA,NA,"""Samples of organs and tissues, i.e., liver, blood, whole brain, muscle and adipose, were collected from female herring gulls (n = 8)""",NA,NA,NA,NA,8,SE=(ΣPFCA/100)*PFAS type arithmetic mean percent. SD=SE/SQRT(n).
22/06/2022 16:34:13,m_028,sm_006,pfas_012,8.162,"Arithmetic mean percent reported in the study = 37.1 +- 1.6. The study provides the ΣPFCA = 22 +- 2 (mean +- SE, ng/g ww) from which we can calculate the individual PFAS type concentration.",0.352,We calculated the SE from the standard error of the aritmetic mean percent.,0.9956063479,Not provided. We calculated the SD from standard error and sample size using the following formula SD = SE x √n.,8,adult,NA,NA,NA,NA,NA,NA,"""Samples of organs and tissues, i.e., liver, blood, whole brain, muscle and adipose, were collected from female herring gulls (n = 8)""",NA,NA,NA,NA,8,SE=(ΣPFCA/100)*PFAS type arithmetic mean percent. SD=SE/SQRT(n).
22/06/2022 16:35:21,m_029,sm_006,pfas_013,5.896,"Arithmetic mean percent reported in the study = 26.8 +- 1.4. The study provides the ΣPFCA = 22 +- 2 (mean +- SE, ng/g ww) from which we can calculate the individual PFAS type concentration.",0.308,We calculated the SE from the standard error of the aritmetic mean percent.,0.8711555544,Not provided. We calculated the SD from standard error and sample size using the following formula SD = SE x √n.,8,adult,NA,NA,NA,NA,NA,NA,"""Samples of organs and tissues, i.e., liver, blood, whole brain, muscle and adipose, were collected from female herring gulls (n = 8)""",NA,NA,NA,NA,8,SE=(ΣPFCA/100)*PFAS type arithmetic mean percent. SD=SE/SQRT(n).
22/06/2022 16:36:32,m_030,sm_006,pfas_014,5.236,"Arithmetic mean percent reported in the study = 23.8 +- 1.7. The study provides the ΣPFCA = 22 +- 2 (mean +- SE, ng/g ww) from which we can calculate the individual PFAS type concentration.",0.374,We calculated the SE from the standard error of the aritmetic mean percent.,1.057831745,Not provided. We calculated the SD from standard error and sample size using the following formula SD = SE x √n.,8,adult,NA,NA,NA,NA,NA,NA,"""Samples of organs and tissues, i.e., liver, blood, whole brain, muscle and adipose, were collected from female herring gulls (n = 8)""",NA,NA,NA,NA,8,SE=(ΣPFCA/100)*PFAS type arithmetic mean percent. SD=SE/SQRT(n).
22/06/2022 16:44:55,m_031,sm_007,pfas_004,NA,Check min_max_comment,NA,NA,NA,NA,8,adult,NA,NA,NA,0,0.1932,"Percent range reported in the study = 0 - 2.1. The study provides the ΣPFSA = 9.2 +- 4.2 (mean +- SE, ng/g ww) from which we can calculate the individual PFAS concentration range.","""Samples of organs and tissues, i.e., liver, blood, whole brain, muscle and adipose, were collected from female herring gulls (n = 8)""",NA,NA,NA,NA,8,"""Where detection of the individual PFSAs or PFCAs was <60% in individual eggs or tissues, a min.emax. percent range is given."""
22/06/2022 16:46:14,m_032,sm_007,pfas_001,9.1356,"Arithmetic mean percent reported in the study = 99.3 +- 0.4. The study provides the ΣPFSA = 9.2 +- 4.2 (mean +- SE, ng/g ww) from which we can calculate the individual PFAS type concentration.",0.0368,We calculated the SE from the standard error of the aritmetic mean percent.,0.1040861182,Not provided. We calculated the SD from standard error and sample size using the following formula SD = SE x √n.,8,adult,NA,NA,NA,NA,NA,NA,"""Samples of organs and tissues, i.e., liver, blood, whole brain, muscle and adipose, were collected from female herring gulls (n = 8)""",NA,NA,NA,NA,8,SE=(ΣPFSA/100)*PFAS type arithmetic mean percent. SD=SE/SQRT(n).
22/06/2022 16:47:06,m_033,sm_007,pfas_005,NA,Check min_max_comment,NA,NA,NA,NA,8,adult,NA,NA,NA,0,0.1564,"Percent range reported in the study = 0 - 1.7. The study provides the ΣPFSA = 9.2 +- 4.2 (mean +- SE, ng/g ww) from which we can calculate the individual PFAS concentration range.","""Samples of organs and tissues, i.e., liver, blood, whole brain, muscle and adipose, were collected from female herring gulls (n = 8)""",NA,NA,NA,NA,8,"""Where detection of the individual PFSAs or PFCAs was <60% in individual eggs or tissues, a min.emax. percent range is given."""
22/06/2022 16:48:08,m_034,sm_007,pfas_006,NA,Check LOQ value,NA,NA,NA,NA,8,adult,0.05,NA,NA,NA,NA,NA,"""Samples of organs and tissues, i.e., liver, blood, whole brain, muscle and adipose, were collected from female herring gulls (n = 8)""","""Value under the method limits of quantitation (MLOQs). MLOQs for PFSAs and PFCAs were <0.1 and <0.05 ng/g ww, respectively.""",NA,NA,LOQ,8,NA
22/06/2022 16:48:52,m_035,sm_007,pfas_007,NA,Check LOQ value,NA,NA,NA,NA,8,adult,0.05,NA,NA,NA,NA,NA,"""Samples of organs and tissues, i.e., liver, blood, whole brain, muscle and adipose, were collected from female herring gulls (n = 8)""","""Value under the method limits of quantitation (MLOQs). MLOQs for PFSAs and PFCAs were <0.1 and <0.05 ng/g ww, respectively.""",NA,NA,LOQ,8,NA
22/06/2022 16:50:21,m_036,sm_007,pfas_002,NA,Check min_max_comment,NA,NA,NA,NA,8,adult,NA,NA,NA,0,0.2,"Percent range reported in the study = 0 - 100. The study provides the ΣPFCA = 0.2 +- 0.1 (mean +- SE, ng/g ww) from which we can calculate the individual PFAS concentration range.","""Samples of organs and tissues, i.e., liver, blood, whole brain, muscle and adipose, were collected from female herring gulls (n = 8)""",NA,NA,NA,NA,8,"""Where detection of the individual PFSAs or PFCAs was <60% in individual eggs or tissues, a min.emax. percent range is given."""
22/06/2022 16:52:01,m_037,sm_007,pfas_008,NA,Check min_max_comment,NA,NA,NA,NA,8,adult,NA,NA,NA,0,0.0626,"Percent range reported in the study = 0 - 31.3. The study provides the ΣPFCA = 0.2 +- 0.1 (mean +- SE, ng/g ww) from which we can calculate the individual PFAS concentration range.","""Samples of organs and tissues, i.e., liver, blood, whole brain, muscle and adipose, were collected from female herring gulls (n = 8)""",NA,NA,NA,NA,8,"""Where detection of the individual PFSAs or PFCAs was <60% in individual eggs or tissues, a min.emax. percent range is given."""
22/06/2022 16:52:51,m_038,sm_007,pfas_009,NA,Check min_max_comment,NA,NA,NA,NA,8,adult,NA,NA,NA,0,0.082,"Percent range reported in the study = 0 - 41. The study provides the ΣPFCA = 0.2 +- 0.1 (mean +- SE, ng/g ww) from which we can calculate the individual PFAS concentration range.","""Samples of organs and tissues, i.e., liver, blood, whole brain, muscle and adipose, were collected from female herring gulls (n = 8)""",NA,NA,NA,NA,8,"""Where detection of the individual PFSAs or PFCAs was <60% in individual eggs or tissues, a min.emax. percent range is given."""
22/06/2022 16:53:33,m_039,sm_007,pfas_010,NA,Check min_max_comment,NA,NA,NA,NA,8,adult,NA,NA,NA,0,0.1812,"Percent range reported in the study = 0 - 90.6. The study provides the ΣPFCA = 0.2 +- 0.1 (mean +- SE, ng/g ww) from which we can calculate the individual PFAS concentration range.","""Samples of organs and tissues, i.e., liver, blood, whole brain, muscle and adipose, were collected from female herring gulls (n = 8)""",NA,NA,NA,NA,8,"""Where detection of the individual PFSAs or PFCAs was <60% in individual eggs or tissues, a min.emax. percent range is given."""
22/06/2022 16:54:15,m_040,sm_007,pfas_011,NA,Check LOQ value,NA,NA,NA,NA,8,adult,0.05,NA,NA,NA,NA,NA,"""Samples of organs and tissues, i.e., liver, blood, whole brain, muscle and adipose, were collected from female herring gulls (n = 8)""","""Value under the method limits of quantitation (MLOQs). MLOQs for PFSAs and PFCAs were <0.1 and <0.05 ng/g ww, respectively.""",NA,NA,LOQ,8,NA
23/06/2022 16:55:15,m_041,sm_007,pfas_012,NA,Check LOQ value,NA,NA,NA,NA,8,adult,0.05,NA,NA,NA,NA,NA,"""Samples of organs and tissues, i.e., liver, blood, whole brain, muscle and adipose, were collected from female herring gulls (n = 8)""","""Value under the method limits of quantitation (MLOQs). MLOQs for PFSAs and PFCAs were <0.1 and <0.05 ng/g ww, respectively.""",NA,NA,LOQ,8,NA
22/06/2022 16:55:15,m_042,sm_007,pfas_013,NA,Check LOQ value,NA,NA,NA,NA,8,adult,0.05,NA,NA,NA,NA,NA,"""Samples of organs and tissues, i.e., liver, blood, whole brain, muscle and adipose, were collected from female herring gulls (n = 8)""","""Value under the method limits of quantitation (MLOQs). MLOQs for PFSAs and PFCAs were <0.1 and <0.05 ng/g ww, respectively.""",NA,NA,LOQ,8,NA
22/06/2022 16:56:56,m_043,sm_007,pfas_014,NA,Check LOQ value,NA,NA,NA,NA,8,adult,0.05,NA,NA,NA,NA,NA,"""Samples of organs and tissues, i.e., liver, blood, whole brain, muscle and adipose, were collected from female herring gulls (n = 8)""","""Value under the method limits of quantitation (MLOQs). MLOQs for PFSAs and PFCAs were <0.1 and <0.05 ng/g ww, respectively.""",NA,NA,LOQ,8,NA
22/06/2022 16:58:21,m_044,sm_008,pfas_004,NA,Check min_max_comment,NA,NA,NA,NA,8,adult,NA,NA,NA,0,0.342,"Percent range reported in the study = 0 - 0.2. The study provides the ΣPFSA = 171 +- 83 (mean +- SE, ng/g ww) from which we can calculate the individual PFAS concentration range.","""Samples of organs and tissues, i.e., liver, blood, whole brain, muscle and adipose, were collected from female herring gulls (n = 8)""",NA,NA,NA,NA,8,"""Where detection of the individual PFSAs or PFCAs was <60% in individual eggs or tissues, a min.emax. percent range is given."""
22/06/2022 17:00:07,m_045,sm_008,pfas_001,170.829,"Arithmetic mean percent reported in the study = 99.9 +- 0.1. The study provides the ΣPFSA = 171 +- 83 (mean +- SE, ng/g ww) from which we can calculate the individual PFAS type concentration.",0.171,We calculated the SE from the standard error of the aritmetic mean percent.,0.4836610383,Not provided. We calculated the SD from standard error and sample size using the following formula SD = SE x √n.,8,adult,NA,NA,NA,NA,NA,NA,"""Samples of organs and tissues, i.e., liver, blood, whole brain, muscle and adipose, were collected from female herring gulls (n = 8)""",NA,NA,NA,NA,8,SE=(ΣPFSA/100)*PFAS type arithmetic mean percent. SD=SE/SQRT(n).
03/07/2022 17:58:30,m_046,sm_008,pfas_005,NA,Check LOQ value,NA,NA,NA,NA,8,adult,0.1,NA,NA,NA,NA,NA,"""Samples of organs and tissues, i.e., liver, blood, whole brain, muscle and adipose, were collected from female herring gulls (n = 8)""","""Value under the method limits of quantitation (MLOQs). MLOQs for PFSAs and PFCAs were <0.1 and <0.05 ng/g ww, respectively.""",NA,NA,LOQ,8,NA
03/07/2022 18:00:25,m_047,sm_008,pfas_006,NA,Check LOQ value,NA,NA,NA,NA,8,adult,0.05,NA,NA,NA,NA,NA,"""Samples of organs and tissues, i.e., liver, blood, whole brain, muscle and adipose, were collected from female herring gulls (n = 8)""","""Value under the method limits of quantitation (MLOQs). MLOQs for PFSAs and PFCAs were <0.1 and <0.05 ng/g ww, respectively.""",NA,NA,LOQ,8,NA
03/07/2022 18:06:43,m_048,sm_008,pfas_007,NA,Check LOQ value,NA,NA,NA,NA,8,adult,0.05,NA,NA,NA,NA,NA,"""Samples of organs and tissues, i.e., liver, blood, whole brain, muscle and adipose, were collected from female herring gulls (n = 8)""","""Value under the method limits of quantitation (MLOQs). MLOQs for PFSAs and PFCAs were <0.1 and <0.05 ng/g ww, respectively.""",NA,NA,LOQ,8,NA
03/07/2022 18:08:12,m_049,sm_008,pfas_002,NA,Check LOQ value,NA,NA,NA,NA,8,adult,0.05,NA,NA,NA,NA,NA,"""Samples of organs and tissues, i.e., liver, blood, whole brain, muscle and adipose, were collected from female herring gulls (n = 8)""","""Value under the method limits of quantitation (MLOQs). MLOQs for PFSAs and PFCAs were <0.1 and <0.05 ng/g ww, respectively.""",NA,NA,LOQ,8,NA
03/07/2022 18:09:14,m_050,sm_008,pfas_008,NA,Check min_max_comment,NA,NA,NA,NA,8,adult,NA,NA,NA,0,0.0696,"Percent range reported in the study = 0 - 23.2. The study provides the ΣPFCA = 0.3 +- 0.1 (mean +- SE, ng/g ww) from which we can calculate the individual PFAS concentration range.","""Samples of organs and tissues, i.e., liver, blood, whole brain, muscle and adipose, were collected from female herring gulls (n = 8)""",NA,NA,NA,NA,8,"""Where detection of the individual PFSAs or PFCAs was <60% in individual eggs or tissues, a min.emax. percent range is given."""
03/07/2022 18:10:15,m_051,sm_008,pfas_009,NA,Check LOQ value,NA,NA,NA,NA,8,adult,0.05,NA,NA,NA,NA,NA,"""Samples of organs and tissues, i.e., liver, blood, whole brain, muscle and adipose, were collected from female herring gulls (n = 8)""","""Value under the method limits of quantitation (MLOQs). MLOQs for PFSAs and PFCAs were <0.1 and <0.05 ng/g ww, respectively.""",NA,NA,LOQ,8,NA
03/07/2022 18:11:12,m_052,sm_008,pfas_010,NA,Check min_max_comment,NA,NA,NA,NA,8,adult,NA,NA,NA,0,0.3,"Percent range reported in the study = 0 - 100. The study provides the ΣPFCA = 0.3 +- 0.1 (mean +- SE, ng/g ww) from which we can calculate the individual PFAS concentration range.","""Samples of organs and tissues, i.e., liver, blood, whole brain, muscle and adipose, were collected from female herring gulls (n = 8)""",NA,NA,NA,NA,8,"""Where detection of the individual PFSAs or PFCAs was <60% in individual eggs or tissues, a min.emax. percent range is given."""
03/07/2022 18:11:56,m_053,sm_008,pfas_011,NA,Check LOQ value,NA,NA,NA,NA,8,adult,0.05,NA,NA,NA,NA,NA,"""Samples of organs and tissues, i.e., liver, blood, whole brain, muscle and adipose, were collected from female herring gulls (n = 8)""","""Value under the method limits of quantitation (MLOQs). MLOQs for PFSAs and PFCAs were <0.1 and <0.05 ng/g ww, respectively.""",NA,NA,LOQ,8,NA
03/07/2022 18:12:55,m_054,sm_008,pfas_012,NA,Check LOQ value,NA,NA,NA,NA,8,adult,0.05,NA,NA,NA,NA,NA,"""Samples of organs and tissues, i.e., liver, blood, whole brain, muscle and adipose, were collected from female herring gulls (n = 8)""","""Value under the method limits of quantitation (MLOQs). MLOQs for PFSAs and PFCAs were <0.1 and <0.05 ng/g ww, respectively.""",NA,NA,LOQ,8,NA
03/07/2022 18:13:49,m_055,sm_008,pfas_013,NA,Check LOQ value,NA,NA,NA,NA,8,adult,0.05,NA,NA,NA,NA,NA,"""Samples of organs and tissues, i.e., liver, blood, whole brain, muscle and adipose, were collected from female herring gulls (n = 8)""","""Value under the method limits of quantitation (MLOQs). MLOQs for PFSAs and PFCAs were <0.1 and <0.05 ng/g ww, respectively.""",NA,NA,LOQ,8,NA
03/07/2022 18:14:40,m_056,sm_008,pfas_014,NA,Check LOQ value,NA,NA,NA,NA,8,adult,0.05,NA,NA,NA,NA,NA,"""Samples of organs and tissues, i.e., liver, blood, whole brain, muscle and adipose, were collected from female herring gulls (n = 8)""","""Value under the method limits of quantitation (MLOQs). MLOQs for PFSAs and PFCAs were <0.1 and <0.05 ng/g ww, respectively.""",NA,NA,LOQ,8,NA
03/07/2022 18:18:37,m_057,sm_009,pfas_004,2.064,"Arithmetic mean percent reported in the study = 0.8 +- 0.2. The study provides the ΣPFSA = 258 +- 39 (mean +- SE, ng/g ww) from which we can calculate the individual PFAS type concentration.",0.516,We calculated the SE from the standard error of the aritmetic mean percent.,2.127522503,Not provided. We calculated the SD from standard error and sample size using the following formula SD = SE x √n.,17,egg,NA,NA,NA,NA,NA,NA,"""The complete clutches of eggs (n = 17) from the nests from the eight euthanized female herring gulls were collected (seven nests with two eggs, one nest with three eggs).""",NA,NA,NA,NA,17,SE=(ΣPFSA/100)*PFAS type arithmetic mean percent. SD=SE/SQRT(n).
03/07/2022 18:20:39,m_058,sm_009,pfas_001,249.744,"Arithmetic mean percent reported in the study = 96.8 +- 0.4. The study provides the ΣPFSA = 258 +- 39 (mean +- SE, ng/g ww) from which we can calculate the individual PFAS type concentration.",1.032,We calculated the SE from the standard error of the aritmetic mean percent.,4.255045006,Not provided. We calculated the SD from standard error and sample size using the following formula SD = SE x √n.,17,egg,NA,NA,NA,NA,NA,NA,"""The complete clutches of eggs (n = 17) from the nests from the eight euthanized female herring gulls were collected (seven nests with two eggs, one nest with three eggs).""",NA,NA,NA,NA,17,SE=(ΣPFSA/100)*PFAS type arithmetic mean percent. SD=SE/SQRT(n).
03/07/2022 18:22:33,m_059,sm_009,pfas_005,6.192,"Arithmetic mean percent reported in the study = 2.4 +- 0.2. The study provides the ΣPFSA = 258 +- 39 (mean +- SE, ng/g ww) from which we can calculate the individual PFAS type concentration.",0.516,We calculated the SE from the standard error of the aritmetic mean percent.,2.127522503,Not provided. We calculated the SD from standard error and sample size using the following formula SD = SE x √n.,17,egg,NA,NA,NA,NA,NA,NA,"""The complete clutches of eggs (n = 17) from the nests from the eight euthanized female herring gulls were collected (seven nests with two eggs, one nest with three eggs).""",NA,NA,NA,NA,17,SE=(ΣPFSA/100)*PFAS type arithmetic mean percent. SD=SE/SQRT(n).
03/07/2022 18:24:46,m_060,sm_009,pfas_006,NA,Check min_max_comment,NA,NA,NA,NA,17,egg,NA,NA,NA,0,0.264,"Percent range reported in the study = 0 - 0.3. The study provides the ΣPFCA = 88 +- 9 (mean +- SE, ng/g ww) from which we can calculate the individual PFAS concentration range.","""The complete clutches of eggs (n = 17) from the nests from the eight euthanized female herring gulls were collected (seven nests with two eggs, one nest with three eggs).""",NA,NA,NA,NA,17,"""Where detection of the individual PFSAs or PFCAs was <60% in individual eggs or tissues, a min.emax. percent range is given."""
03/07/2022 18:25:38,m_061,sm_009,pfas_007,NA,Check min_max_comment,NA,NA,NA,NA,17,egg,NA,NA,NA,0,0.264,"Percent range reported in the study = 0 - 0.3. The study provides the ΣPFCA = 88 +- 9 (mean +- SE, ng/g ww) from which we can calculate the individual PFAS concentration range.","""The complete clutches of eggs (n = 17) from the nests from the eight euthanized female herring gulls were collected (seven nests with two eggs, one nest with three eggs).""",NA,NA,NA,NA,17,"""Where detection of the individual PFSAs or PFCAs was <60% in individual eggs or tissues, a min.emax. percent range is given."""
03/07/2022 18:30:22,m_062,sm_009,pfas_002,1.848,"Arithmetic mean percent reported in the study = 2.1 +- 0.2. The study provides the ΣPFCA = 88 +- 9 (mean +- SE, ng/g ww) from which we can calculate the individual PFAS type concentration.",0.176,We calculated the SE from the standard error of the aritmetic mean percent.,0.7256665901,Not provided. We calculated the SD from standard error and sample size using the following formula SD = SE x √n.,17,egg,NA,NA,NA,NA,NA,NA,"""The complete clutches of eggs (n = 17) from the nests from the eight euthanized female herring gulls were collected (seven nests with two eggs, one nest with three eggs).""",NA,NA,NA,NA,17,SE=(ΣPFCA/100)*PFAS type arithmetic mean percent. SD=SE/SQRT(n).
03/07/2022 18:31:37,m_063,sm_009,pfas_008,4.488,"Arithmetic mean percent reported in the study = 5.1 +- 0.2. The study provides the ΣPFCA = 88 +- 9 (mean +- SE, ng/g ww) from which we can calculate the individual PFAS type concentration.",0.176,We calculated the SE from the standard error of the aritmetic mean percent.,0.7256665901,Not provided. We calculated the SD from standard error and sample size using the following formula SD = SE x √n.,17,egg,NA,NA,NA,NA,NA,NA,"""The complete clutches of eggs (n = 17) from the nests from the eight euthanized female herring gulls were collected (seven nests with two eggs, one nest with three eggs).""",NA,NA,NA,NA,17,SE=(ΣPFCA/100)*PFAS type arithmetic mean percent. SD=SE/SQRT(n).
03/07/2022 18:32:31,m_064,sm_009,pfas_009,9.856,"Arithmetic mean percent reported in the study = 11.2 +- 1.0. The study provides the ΣPFCA = 88 +- 9 (mean +- SE, ng/g ww) from which we can calculate the individual PFAS type concentration.",0.88,We calculated the SE from the standard error of the aritmetic mean percent.,3.628332951,Not provided. We calculated the SD from standard error and sample size using the following formula SD = SE x √n.,17,egg,NA,NA,NA,NA,NA,NA,"""The complete clutches of eggs (n = 17) from the nests from the eight euthanized female herring gulls were collected (seven nests with two eggs, one nest with three eggs).""",NA,NA,NA,NA,17,SE=(ΣPFCA/100)*PFAS type arithmetic mean percent. SD=SE/SQRT(n).
03/07/2022 18:33:36,m_065,sm_009,pfas_010,11.704,"Arithmetic mean percent reported in the study = 13.3 +- 0.8. The study provides the ΣPFCA = 88 +- 9 (mean +- SE, ng/g ww) from which we can calculate the individual PFAS type concentration.",0.704,We calculated the SE from the standard error of the aritmetic mean percent.,2.90266636,Not provided. We calculated the SD from standard error and sample size using the following formula SD = SE x √n.,17,egg,NA,NA,NA,NA,NA,NA,"""The complete clutches of eggs (n = 17) from the nests from the eight euthanized female herring gulls were collected (seven nests with two eggs, one nest with three eggs).""",NA,NA,NA,NA,17,SE=(ΣPFCA/100)*PFAS type arithmetic mean percent. SD=SE/SQRT(n).
03/07/2022 18:34:34,m_066,sm_009,pfas_011,15.048,"Arithmetic mean percent reported in the study = 17.1 +- 0.7. The study provides the ΣPFCA = 88 +- 9 (mean +- SE, ng/g ww) from which we can calculate the individual PFAS type concentration.",0.616,We calculated the SE from the standard error of the aritmetic mean percent.,2.539833065,Not provided. We calculated the SD from standard error and sample size using the following formula SD = SE x √n.,17,egg,NA,NA,NA,NA,NA,NA,"""The complete clutches of eggs (n = 17) from the nests from the eight euthanized female herring gulls were collected (seven nests with two eggs, one nest with three eggs).""",NA,NA,NA,NA,17,SE=(ΣPFCA/100)*PFAS type arithmetic mean percent. SD=SE/SQRT(n).
03/07/2022 18:35:40,m_067,sm_009,pfas_012,26.224,"Arithmetic mean percent reported in the study = 29.8 +- 1.0. The study provides the ΣPFCA = 88 +- 9 (mean +- SE, ng/g ww) from which we can calculate the individual PFAS type concentration.",0.88,We calculated the SE from the standard error of the aritmetic mean percent.,3.628332951,Not provided. We calculated the SD from standard error and sample size using the following formula SD = SE x √n.,17,egg,NA,NA,NA,NA,NA,NA,"""The complete clutches of eggs (n = 17) from the nests from the eight euthanized female herring gulls were collected (seven nests with two eggs, one nest with three eggs).""",NA,NA,NA,NA,17,SE=(ΣPFCA/100)*PFAS type arithmetic mean percent. SD=SE/SQRT(n).
03/07/2022 18:36:40,m_068,sm_009,pfas_013,13.992,"Arithmetic mean percent reported in the study = 15.9 +- 0.7. The study provides the ΣPFCA = 88 +- 9 (mean +- SE, ng/g ww) from which we can calculate the individual PFAS type concentration.",0.616,We calculated the SE from the standard error of the aritmetic mean percent.,2.539833065,Not provided. We calculated the SD from standard error and sample size using the following formula SD = SE x √n.,17,egg,NA,NA,NA,NA,NA,NA,"""The complete clutches of eggs (n = 17) from the nests from the eight euthanized female herring gulls were collected (seven nests with two eggs, one nest with three eggs).""",NA,NA,NA,NA,17,SE=(ΣPFCA/100)*PFAS type arithmetic mean percent. SD=SE/SQRT(n).
03/07/2022 18:37:33,m_069,sm_009,pfas_014,4.752,"Arithmetic mean percent reported in the study = 5.4 +- 0.3. The study provides the ΣPFCA = 88 +- 9 (mean +- SE, ng/g ww) from which we can calculate the individual PFAS type concentration.",0.264,We calculated the SE from the standard error of the aritmetic mean percent.,1.088499885,Not provided. We calculated the SD from standard error and sample size using the following formula SD = SE x √n.,17,egg,NA,NA,NA,NA,NA,NA,"""The complete clutches of eggs (n = 17) from the nests from the eight euthanized female herring gulls were collected (seven nests with two eggs, one nest with three eggs).""",NA,NA,NA,NA,17,SE=(ΣPFCA/100)*PFAS type arithmetic mean percent. SD=SE/SQRT(n).
03/07/2022 18:39:05,m_070,sm_010,pfas_004,NA,Check LOQ value,NA,NA,NA,NA,17,egg,0.1,NA,NA,NA,NA,NA,"""The complete clutches of eggs (n = 17) from the nests from the eight euthanized female herring gulls were collected (seven nests with two eggs, one nest with three eggs).""","""Value under the method limits of quantitation (MLOQs). MLOQs for PFSAs and PFCAs were <0.1 and <0.05 ng/g ww, respectively.""",NA,NA,LOQ,17,NA
03/07/2022 18:39:52,m_071,sm_010,pfas_001,NA,Check LOQ value,NA,NA,NA,NA,17,egg,0.1,NA,NA,NA,NA,NA,"""The complete clutches of eggs (n = 17) from the nests from the eight euthanized female herring gulls were collected (seven nests with two eggs, one nest with three eggs).""","""Value under the method limits of quantitation (MLOQs). MLOQs for PFSAs and PFCAs were <0.1 and <0.05 ng/g ww, respectively.""",NA,NA,LOQ,17,NA
03/07/2022 18:40:58,m_072,sm_010,pfas_005,NA,Check LOQ value,NA,NA,NA,NA,17,egg,0.1,NA,NA,NA,NA,NA,"""The complete clutches of eggs (n = 17) from the nests from the eight euthanized female herring gulls were collected (seven nests with two eggs, one nest with three eggs).""","""Value under the method limits of quantitation (MLOQs). MLOQs for PFSAs and PFCAs were <0.1 and <0.05 ng/g ww, respectively.""",NA,NA,LOQ,17,NA
03/07/2022 18:41:56,m_073,sm_010,pfas_006,NA,Check LOQ value,NA,NA,NA,NA,17,egg,0.05,NA,NA,NA,NA,NA,"""The complete clutches of eggs (n = 17) from the nests from the eight euthanized female herring gulls were collected (seven nests with two eggs, one nest with three eggs).""","""Value under the method limits of quantitation (MLOQs). MLOQs for PFSAs and PFCAs were <0.1 and <0.05 ng/g ww, respectively.""",NA,NA,LOQ,17,NA
03/07/2022 18:43:06,m_074,sm_010,pfas_007,NA,Check LOQ value,NA,NA,NA,NA,17,egg,0.05,NA,NA,NA,NA,NA,"""The complete clutches of eggs (n = 17) from the nests from the eight euthanized female herring gulls were collected (seven nests with two eggs, one nest with three eggs).""","""Value under the method limits of quantitation (MLOQs). MLOQs for PFSAs and PFCAs were <0.1 and <0.05 ng/g ww, respectively.""",NA,NA,LOQ,17,NA
03/07/2022 18:44:00,m_075,sm_010,pfas_002,NA,Check LOQ value,NA,NA,NA,NA,17,egg,0.05,NA,NA,NA,NA,NA,"""The complete clutches of eggs (n = 17) from the nests from the eight euthanized female herring gulls were collected (seven nests with two eggs, one nest with three eggs).""","""Value under the method limits of quantitation (MLOQs). MLOQs for PFSAs and PFCAs were <0.1 and <0.05 ng/g ww, respectively.""",NA,NA,LOQ,17,NA
03/07/2022 18:45:19,m_076,sm_010,pfas_008,NA,Check LOQ value,NA,NA,NA,NA,17,egg,0.05,NA,NA,NA,NA,NA,"""The complete clutches of eggs (n = 17) from the nests from the eight euthanized female herring gulls were collected (seven nests with two eggs, one nest with three eggs).""","""Value under the method limits of quantitation (MLOQs). MLOQs for PFSAs and PFCAs were <0.1 and <0.05 ng/g ww, respectively.""",NA,NA,LOQ,17,NA
03/07/2022 18:46:10,m_077,sm_010,pfas_009,NA,Check LOQ value,NA,NA,NA,NA,17,egg,0.05,NA,NA,NA,NA,NA,"""The complete clutches of eggs (n = 17) from the nests from the eight euthanized female herring gulls were collected (seven nests with two eggs, one nest with three eggs).""","""Value under the method limits of quantitation (MLOQs). MLOQs for PFSAs and PFCAs were <0.1 and <0.05 ng/g ww, respectively.""",NA,NA,LOQ,17,NA
03/07/2022 18:46:56,m_078,sm_010,pfas_010,NA,Check LOQ value,NA,NA,NA,NA,17,egg,0.05,NA,NA,NA,NA,NA,"""The complete clutches of eggs (n = 17) from the nests from the eight euthanized female herring gulls were collected (seven nests with two eggs, one nest with three eggs).""","""Value under the method limits of quantitation (MLOQs). MLOQs for PFSAs and PFCAs were <0.1 and <0.05 ng/g ww, respectively.""",NA,NA,LOQ,17,NA
03/07/2022 18:47:35,m_079,sm_010,pfas_011,NA,Check LOQ value,NA,NA,NA,NA,17,egg,0.05,NA,NA,NA,NA,NA,"""The complete clutches of eggs (n = 17) from the nests from the eight euthanized female herring gulls were collected (seven nests with two eggs, one nest with three eggs).""","""Value under the method limits of quantitation (MLOQs). MLOQs for PFSAs and PFCAs were <0.1 and <0.05 ng/g ww, respectively.""",NA,NA,LOQ,17,NA
03/07/2022 18:48:20,m_080,sm_010,pfas_012,NA,Check LOQ value,NA,NA,NA,NA,17,egg,0.05,NA,NA,NA,NA,NA,"""The complete clutches of eggs (n = 17) from the nests from the eight euthanized female herring gulls were collected (seven nests with two eggs, one nest with three eggs).""","""Value under the method limits of quantitation (MLOQs). MLOQs for PFSAs and PFCAs were <0.1 and <0.05 ng/g ww, respectively.""",NA,NA,LOQ,17,NA
03/07/2022 18:48:59,m_081,sm_010,pfas_013,NA,Check LOQ value,NA,NA,NA,NA,17,egg,0.05,NA,NA,NA,NA,NA,"""The complete clutches of eggs (n = 17) from the nests from the eight euthanized female herring gulls were collected (seven nests with two eggs, one nest with three eggs).""","""Value under the method limits of quantitation (MLOQs). MLOQs for PFSAs and PFCAs were <0.1 and <0.05 ng/g ww, respectively.""",NA,NA,LOQ,17,NA
03/07/2022 18:49:38,m_082,sm_010,pfas_014,NA,Check LOQ value,NA,NA,NA,NA,17,egg,0.05,NA,NA,NA,NA,NA,"""The complete clutches of eggs (n = 17) from the nests from the eight euthanized female herring gulls were collected (seven nests with two eggs, one nest with three eggs).""","""Value under the method limits of quantitation (MLOQs). MLOQs for PFSAs and PFCAs were <0.1 and <0.05 ng/g ww, respectively.""",NA,NA,LOQ,17,NA
03/07/2022 18:51:43,m_083,sm_011,pfas_004,2.291,"Arithmetic mean percent reported in the study = 7.9 +- 3.1. The study provides the ΣPFSA = 29 +- 8 (mean +- SE, ng/g ww) from which we can calculate the individual PFAS type concentration.",0.899,We calculated the SE from the standard error of the aritmetic mean percent.,2.542755985,Not provided. We calculated the SD from standard error and sample size using the following formula SD = SE x √n.,8,adult,NA,NA,NA,NA,NA,NA,"""Samples of organs and tissues, i.e., liver, blood, whole brain, muscle and adipose, were collected from female herring gulls (n = 8)""",NA,NA,NA,NA,8,SE=(ΣPFSA/100)*PFAS type arithmetic mean percent. SD=SE/SQRT(n).
03/07/2022 18:52:39,m_084,sm_011,pfas_001,26.593,"Arithmetic mean percent reported in the study = 91.7 +- 3.1. The study provides the ΣPFSA = 29 +- 8 (mean +- SE, ng/g ww) from which we can calculate the individual PFAS type concentration.",0.899,We calculated the SE from the standard error of the aritmetic mean percent.,2.542755985,Not provided. We calculated the SD from standard error and sample size using the following formula SD = SE x √n.,8,adult,NA,NA,NA,NA,NA,NA,"""Samples of organs and tissues, i.e., liver, blood, whole brain, muscle and adipose, were collected from female herring gulls (n = 8)""",NA,NA,NA,NA,8,SE=(ΣPFSA/100)*PFAS type arithmetic mean percent. SD=SE/SQRT(n).
03/07/2022 18:53:33,m_085,sm_011,pfas_005,0.116,"Arithmetic mean percent reported in the study = 0.4 +- 0.2. The study provides the ΣPFSA = 29 +- 8 (mean +- SE, ng/g ww) from which we can calculate the individual PFAS type concentration.",0.058,We calculated the SE from the standard error of the aritmetic mean percent.,0.1640487732,Not provided. We calculated the SD from standard error and sample size using the following formula SD = SE x √n.,8,adult,NA,NA,NA,NA,NA,NA,"""Samples of organs and tissues, i.e., liver, blood, whole brain, muscle and adipose, were collected from female herring gulls (n = 8)""",NA,NA,NA,NA,8,SE=(ΣPFSA/100)*PFAS type arithmetic mean percent. SD=SE/SQRT(n).
03/07/2022 18:54:33,m_086,sm_011,pfas_006,NA,Check min_max_comment,NA,NA,NA,NA,8,adult,NA,NA,NA,0,0.1144,"Percent range reported in the study = 0 - 1.3. The study provides the ΣPFCA = 8.8 +- 2 (mean +- SE, ng/g ww) from which we can calculate the individual PFAS concentration range.","""Samples of organs and tissues, i.e., liver, blood, whole brain, muscle and adipose, were collected from female herring gulls (n = 8)""",NA,NA,NA,NA,8,"""Where detection of the individual PFSAs or PFCAs was <60% in individual eggs or tissues, a min.emax. percent range is given."""
03/07/2022 18:55:53,m_087,sm_011,pfas_007,0.3256,"Arithmetic mean percent reported in the study = 3.7 +- 1.2. The study provides the ΣPFCA = 8.8 +- 2.0 (mean +- SE, ng/g ww) from which we can calculate the individual PFAS type concentration.",0.1056,We calculated the SE from the standard error of the aritmetic mean percent.,0.2986819044,Not provided. We calculated the SD from standard error and sample size using the following formula SD = SE x √n.,8,adult,NA,NA,NA,NA,NA,NA,"""Samples of organs and tissues, i.e., liver, blood, whole brain, muscle and adipose, were collected from female herring gulls (n = 8)""",NA,NA,NA,NA,8,SE=(ΣPFCA/100)*PFAS type arithmetic mean percent. SD=SE/SQRT(n).
03/07/2022 18:56:55,m_088,sm_011,pfas_002,1.9448,"Arithmetic mean percent reported in the study = 22.1 +- 3.4. The study provides the ΣPFCA = 8.8 +- 2.0 (mean +- SE, ng/g ww) from which we can calculate the individual PFAS type concentration.",0.2992,We calculated the SE from the standard error of the aritmetic mean percent.,0.8462653957,Not provided. We calculated the SD from standard error and sample size using the following formula SD = SE x √n.,8,adult,NA,NA,NA,NA,NA,NA,"""Samples of organs and tissues, i.e., liver, blood, whole brain, muscle and adipose, were collected from female herring gulls (n = 8)""",NA,NA,NA,NA,8,SE=(ΣPFCA/100)*PFAS type arithmetic mean percent. SD=SE/SQRT(n).
03/07/2022 18:58:01,m_089,sm_011,pfas_008,1.364,"Arithmetic mean percent reported in the study = 15.5 +- 1.8. The study provides the ΣPFCA = 8.8 +- 2.0 (mean +- SE, ng/g ww) from which we can calculate the individual PFAS type concentration.",0.1584,We calculated the SE from the standard error of the aritmetic mean percent.,0.4480228566,Not provided. We calculated the SD from standard error and sample size using the following formula SD = SE x √n.,8,adult,NA,NA,NA,NA,NA,NA,"""Samples of organs and tissues, i.e., liver, blood, whole brain, muscle and adipose, were collected from female herring gulls (n = 8)""",NA,NA,NA,NA,8,SE=(ΣPFCA/100)*PFAS type arithmetic mean percent. SD=SE/SQRT(n).
03/07/2022 18:59:04,m_090,sm_011,pfas_009,1.1,"Arithmetic mean percent reported in the study = 12.5 +- 2.3. The study provides the ΣPFCA = 8.8 +- 2.0 (mean +- SE, ng/g ww) from which we can calculate the individual PFAS type concentration.",0.2024,We calculated the SE from the standard error of the aritmetic mean percent.,0.57247365,Not provided. We calculated the SD from standard error and sample size using the following formula SD = SE x √n.,8,adult,NA,NA,NA,NA,NA,NA,"""Samples of organs and tissues, i.e., liver, blood, whole brain, muscle and adipose, were collected from female herring gulls (n = 8)""",NA,NA,NA,NA,8,SE=(ΣPFCA/100)*PFAS type arithmetic mean percent. SD=SE/SQRT(n).
03/07/2022 18:59:57,m_091,sm_011,pfas_010,1.4168,"Arithmetic mean percent reported in the study = 16.1 +- 2.5. The study provides the ΣPFCA = 8.8 +- 2.0 (mean +- SE, ng/g ww) from which we can calculate the individual PFAS type concentration.",0.22,We calculated the SE from the standard error of the aritmetic mean percent.,0.6222539674,Not provided. We calculated the SD from standard error and sample size using the following formula SD = SE x √n.,8,adult,NA,NA,NA,NA,NA,NA,"""Samples of organs and tissues, i.e., liver, blood, whole brain, muscle and adipose, were collected from female herring gulls (n = 8)""",NA,NA,NA,NA,8,SE=(ΣPFCA/100)*PFAS type arithmetic mean percent. SD=SE/SQRT(n).
03/07/2022 19:00:48,m_092,sm_011,pfas_011,0.572,"Arithmetic mean percent reported in the study = 6.5 +- 1.8. The study provides the ΣPFCA = 8.8 +- 2.0 (mean +- SE, ng/g ww) from which we can calculate the individual PFAS type concentration.",0.1584,We calculated the SE from the standard error of the aritmetic mean percent.,0.4480228566,Not provided. We calculated the SD from standard error and sample size using the following formula SD = SE x √n.,8,adult,NA,NA,NA,NA,NA,NA,"""Samples of organs and tissues, i.e., liver, blood, whole brain, muscle and adipose, were collected from female herring gulls (n = 8)""",NA,NA,NA,NA,8,SE=(ΣPFCA/100)*PFAS type arithmetic mean percent. SD=SE/SQRT(n).
03/07/2022 19:01:49,m_093,sm_011,pfas_012,1.6456,"Arithmetic mean percent reported in the study = 18.7 +- 3.4. The study provides the ΣPFCA = 8.8 +- 2.0 (mean +- SE, ng/g ww) from which we can calculate the individual PFAS type concentration.",0.2992,We calculated the SE from the standard error of the aritmetic mean percent.,0.8462653957,Not provided. We calculated the SD from standard error and sample size using the following formula SD = SE x √n.,8,adult,NA,NA,NA,NA,NA,NA,"""Samples of organs and tissues, i.e., liver, blood, whole brain, muscle and adipose, were collected from female herring gulls (n = 8)""",NA,NA,NA,NA,8,SE=(ΣPFCA/100)*PFAS type arithmetic mean percent. SD=SE/SQRT(n).
03/07/2022 19:02:42,m_094,sm_011,pfas_013,0.396,"Arithmetic mean percent reported in the study = 4.5 +- 1.4. The study provides the ΣPFCA = 8.8 +- 2.0 (mean +- SE, ng/g ww) from which we can calculate the individual PFAS type concentration.",0.1232,We calculated the SE from the standard error of the aritmetic mean percent.,0.3484622218,Not provided. We calculated the SD from standard error and sample size using the following formula SD = SE x √n.,8,adult,NA,NA,NA,NA,NA,NA,"""Samples of organs and tissues, i.e., liver, blood, whole brain, muscle and adipose, were collected from female herring gulls (n = 8)""",NA,NA,NA,NA,8,SE=(ΣPFCA/100)*PFAS type arithmetic mean percent. SD=SE/SQRT(n).
03/07/2022 19:03:32,m_095,sm_011,pfas_014,NA,Check LOQ value,NA,NA,NA,NA,8,adult,0.05,NA,NA,NA,NA,NA,"""Samples of organs and tissues, i.e., liver, blood, whole brain, muscle and adipose, were collected from female herring gulls (n = 8)""","""Value under the method limits of quantitation (MLOQs). MLOQs for PFSAs and PFCAs were <0.1 and <0.05 ng/g ww, respectively.""",NA,NA,LOQ,8,NA
03/07/2022 19:04:38,m_096,sm_012,pfas_004,NA,Check min_max_comment,NA,NA,NA,NA,8,adult,NA,NA,NA,0,0.4898,"Percent range reported in the study = 0 - 7.9. The study provides the ΣPFSA = 6.2 +- 1.8 (mean +- SE, ng/g ww) from which we can calculate the individual PFAS concentration range.","""Samples of organs and tissues, i.e., liver, blood, whole brain, muscle and adipose, were collected from female herring gulls (n = 8)""",NA,NA,NA,NA,8,"""Where detection of the individual PFSAs or PFCAs was <60% in individual eggs or tissues, a min.emax. percent range is given."""
03/07/2022 19:05:57,m_097,sm_012,pfas_001,6.1318,"Arithmetic mean percent reported in the study = 98.9 +- 1.0. The study provides the ΣPFSA = 6.2 +- 1.8 (mean +- SE, ng/g ww) from which we can calculate the individual PFAS type concentration.",0.062,We calculated the SE from the standard error of the aritmetic mean percent.,0.1753624817,Not provided. We calculated the SD from standard error and sample size using the following formula SD = SE x √n.,8,adult,NA,NA,NA,NA,NA,NA,"""Samples of organs and tissues, i.e., liver, blood, whole brain, muscle and adipose, were collected from female herring gulls (n = 8)""",NA,NA,NA,NA,8,SE=(ΣPFSA/100)*PFAS type arithmetic mean percent. SD=SE/SQRT(n).
03/07/2022 19:28:53,m_098,sm_012,pfas_005,NA,Check min_max_comment,NA,NA,NA,NA,8,adult,NA,NA,NA,0,0.0248,"Percent range reported in the study = 0 - 0.4. The study provides the ΣPFSA = 6.2 +- 1.8 (mean +- SE, ng/g ww) from which we can calculate the individual PFAS concentration range.","""Samples of organs and tissues, i.e., liver, blood, whole brain, muscle and adipose, were collected from female herring gulls (n = 8)""",NA,NA,NA,NA,8,"""Where detection of the individual PFSAs or PFCAs was <60% in individual eggs or tissues, a min.emax. percent range is given."""
03/07/2022 19:29:41,m_099,sm_012,pfas_006,NA,Check LOQ value,NA,NA,NA,NA,8,adult,0.05,NA,NA,NA,NA,NA,"""Samples of organs and tissues, i.e., liver, blood, whole brain, muscle and adipose, were collected from female herring gulls (n = 8)""","""Value under the method limits of quantitation (MLOQs). MLOQs for PFSAs and PFCAs were <0.1 and <0.05 ng/g ww, respectively.""",NA,NA,LOQ,8,NA
03/07/2022 19:31:01,m_100,sm_012,pfas_007,NA,Check LOQ value,NA,NA,NA,NA,8,adult,0.05,NA,NA,NA,NA,NA,"""Samples of organs and tissues, i.e., liver, blood, whole brain, muscle and adipose, were collected from female herring gulls (n = 8)""","""Value under the method limits of quantitation (MLOQs). MLOQs for PFSAs and PFCAs were <0.1 and <0.05 ng/g ww, respectively.""",NA,NA,LOQ,8,NA
03/07/2022 19:32:19,m_101,sm_012,pfas_002,0.35,"Arithmetic mean percent reported in the study = 50 +- 7.5. The study provides the ΣPFCA = 0.7 +- 0.3 (mean +- SE, ng/g ww) from which we can calculate the individual PFAS type concentration.",0.0525,We calculated the SE from the standard error of the aritmetic mean percent.,0.148492424,Not provided. We calculated the SD from standard error and sample size using the following formula SD = SE x √n.,8,adult,NA,NA,NA,NA,NA,NA,"""Samples of organs and tissues, i.e., liver, blood, whole brain, muscle and adipose, were collected from female herring gulls (n = 8)""",NA,NA,NA,NA,8,SE=(ΣPFCA/100)*PFAS type arithmetic mean percent. SD=SE/SQRT(n).
03/07/2022 19:33:14,m_102,sm_012,pfas_008,0.0553,"Arithmetic mean percent reported in the study = 7.9 +- 4.8. The study provides the ΣPFCA = 0.7 +- 0.3 (mean +- SE, ng/g ww) from which we can calculate the individual PFAS type concentration.",0.0336,We calculated the SE from the standard error of the aritmetic mean percent.,0.09503515139,Not provided. We calculated the SD from standard error and sample size using the following formula SD = SE x √n.,8,adult,NA,NA,NA,NA,NA,NA,"""Samples of organs and tissues, i.e., liver, blood, whole brain, muscle and adipose, were collected from female herring gulls (n = 8)""",NA,NA,NA,NA,8,SE=(ΣPFCA/100)*PFAS type arithmetic mean percent. SD=SE/SQRT(n).
03/07/2022 19:33:58,m_103,sm_012,pfas_009,NA,Check min_max_comment,NA,NA,NA,NA,8,adult,NA,NA,NA,0,0.1218,"Percent range reported in the study = 0 - 17.4. The study provides the ΣPFCA = 0.7 +- 0.3 (mean +- SE, ng/g ww) from which we can calculate the individual PFAS concentration range.","""Samples of organs and tissues, i.e., liver, blood, whole brain, muscle and adipose, were collected from female herring gulls (n = 8)""",NA,NA,NA,NA,8,"""Where detection of the individual PFSAs or PFCAs was <60% in individual eggs or tissues, a min.emax. percent range is given."""
03/07/2022 19:35:09,m_104,sm_012,pfas_010,0.2583,"Arithmetic mean percent reported in the study = 36.9 +- 8.9. The study provides the ΣPFCA = 0.7 +- 0.3 (mean +- SE, ng/g ww) from which we can calculate the individual PFAS type concentration.",0.0623,We calculated the SE from the standard error of the aritmetic mean percent.,0.1762110099,Not provided. We calculated the SD from standard error and sample size using the following formula SD = SE x √n.,8,adult,NA,NA,NA,NA,NA,NA,"""Samples of organs and tissues, i.e., liver, blood, whole brain, muscle and adipose, were collected from female herring gulls (n = 8)""",NA,NA,NA,NA,8,SE=(ΣPFCA/100)*PFAS type arithmetic mean percent. SD=SE/SQRT(n).
03/07/2022 19:36:00,m_105,sm_012,pfas_011,NA,Check LOQ value,NA,NA,NA,NA,8,adult,0.05,NA,NA,NA,NA,NA,"""Samples of organs and tissues, i.e., liver, blood, whole brain, muscle and adipose, were collected from female herring gulls (n = 8)""","""Value under the method limits of quantitation (MLOQs). MLOQs for PFSAs and PFCAs were <0.1 and <0.05 ng/g ww, respectively.""",NA,NA,LOQ,8,NA
03/07/2022 19:36:45,m_106,sm_012,pfas_012,NA,Check LOQ value,NA,NA,NA,NA,8,adult,0.05,NA,NA,NA,NA,NA,"""Samples of organs and tissues, i.e., liver, blood, whole brain, muscle and adipose, were collected from female herring gulls (n = 8)""","""Value under the method limits of quantitation (MLOQs). MLOQs for PFSAs and PFCAs were <0.1 and <0.05 ng/g ww, respectively.""",NA,NA,LOQ,8,NA
03/07/2022 19:37:37,m_107,sm_012,pfas_013,NA,Check min_max_comment,NA,NA,NA,NA,8,adult,NA,NA,NA,0,0.1715,"Percent range reported in the study = 0 - 24.5. The study provides the ΣPFCA = 0.7 +- 0.3 (mean +- SE, ng/g ww) from which we can calculate the individual PFAS concentration range.","""Samples of organs and tissues, i.e., liver, blood, whole brain, muscle and adipose, were collected from female herring gulls (n = 8)""",NA,NA,NA,NA,8,"""Where detection of the individual PFSAs or PFCAs was <60% in individual eggs or tissues, a min.emax. percent range is given."""
03/07/2022 19:38:37,m_108,sm_012,pfas_014,NA,Check LOQ value,NA,NA,NA,NA,8,adult,0.05,NA,NA,NA,NA,NA,"""Samples of organs and tissues, i.e., liver, blood, whole brain, muscle and adipose, were collected from female herring gulls (n = 8)""","""Value under the method limits of quantitation (MLOQs). MLOQs for PFSAs and PFCAs were <0.1 and <0.05 ng/g ww, respectively.""",NA,NA,LOQ,8,NA
04/07/2022 13:51:19,m_109,sm_017,pfas_015,0.66,ng/g ww,NA,NA,0.4,NA,11,adult,NA,0.65,NA,NA,NA,NA,"6 detections (Table 3). ""From the Sklinna site we analysed [...] 8 eggs and 11 plasma samples as well as 6 liver samples from European shag for PFCs collected in 2004. [...] It must be kept in mind that liver values are from nestlings, while plasma and egg values are from adult female birds precluding direct tissue comparison""",NA,NA,NA,NA,6,NA
04/07/2022 13:52:23,m_110,sm_017,pfas_004,2.2,ng/g ww,NA,NA,0.94,NA,11,adult,NA,2.4,NA,NA,NA,NA,"6 detections (Table 3). ""From the Sklinna site we analysed [...] 8 eggs and 11 plasma samples as well as 6 liver samples from European shag for PFCs collected in 2004. [...] It must be kept in mind that liver values are from nestlings, while plasma and egg values are from adult female birds precluding direct tissue comparison""",NA,NA,NA,NA,6,NA
04/07/2022 13:53:56,m_111,sm_017,pfas_001,29.8,ng/g ww,NA,NA,8.37,NA,11,adult,NA,27.7,NA,NA,NA,NA,"6 detections (Table 3). ""From the Sklinna site we analysed [...] 8 eggs and 11 plasma samples as well as 6 liver samples from European shag for PFCs collected in 2004. [...] It must be kept in mind that liver values are from nestlings, while plasma and egg values are from adult female birds precluding direct tissue comparison""",NA,NA,NA,NA,6,NA
04/07/2022 13:54:53,m_112,sm_017,pfas_005,0.14,ng/g ww,NA,NA,0.14,NA,11,adult,NA,0.07,NA,NA,NA,NA,"6 detections (Table 3). ""From the Sklinna site we analysed [...] 8 eggs and 11 plasma samples as well as 6 liver samples from European shag for PFCs collected in 2004. [...] It must be kept in mind that liver values are from nestlings, while plasma and egg values are from adult female birds precluding direct tissue comparison""",NA,NA,NA,NA,6,NA
04/07/2022 13:55:37,m_113,sm_017,pfas_006,0.59,ng/g ww,NA,NA,0.74,NA,11,adult,NA,0.28,NA,NA,NA,NA,"6 detections (Table 3). ""From the Sklinna site we analysed [...] 8 eggs and 11 plasma samples as well as 6 liver samples from European shag for PFCs collected in 2004. [...] It must be kept in mind that liver values are from nestlings, while plasma and egg values are from adult female birds precluding direct tissue comparison""",NA,NA,NA,NA,6,NA
04/07/2022 13:56:36,m_114,sm_017,pfas_002,4.68,ng/g ww,NA,NA,1.5,NA,11,adult,NA,5,NA,NA,NA,NA,"6 detections (Table 3). ""From the Sklinna site we analysed [...] 8 eggs and 11 plasma samples as well as 6 liver samples from European shag for PFCs collected in 2004. [...] It must be kept in mind that liver values are from nestlings, while plasma and egg values are from adult female birds precluding direct tissue comparison""",NA,NA,NA,NA,6,NA
04/07/2022 14:11:26,m_115,sm_017,pfas_008,NA,Check LOD_comment,NA,NA,NA,NA,11,adult,NA,NA,0.6,NA,NA,NA,"0 detections in the 11 samples (Table 3). ""From the Sklinna site we analysed [...] 8 eggs and 11 plasma samples as well as 6 liver samples from European shag for PFCs collected in 2004. [...] It must be kept in mind that liver values are from nestlings, while plasma and egg values are from adult female birds precluding direct tissue comparison""",NA,"""The limit of detection (LOD) was calculated as 3 times signal/noise for each compound and sample type. The detection limits are therefore a function of the sample amount extracted and varied between samples as well as between analytes (0.01–1.20 ng/g for PFC). All values below LOD were marked as non-detects""",NA,LOD,0,LOD value = 0.6 = mean of the LOD range (0.01–1.20 ng/g for PFC)
04/07/2022 14:13:01,m_116,sm_017,pfas_009,4.63,ng/g ww,NA,NA,2.44,NA,11,adult,NA,4.9,NA,NA,NA,NA,"6 detections (Table 3). ""From the Sklinna site we analysed [...] 8 eggs and 11 plasma samples as well as 6 liver samples from European shag for PFCs collected in 2004. [...] It must be kept in mind that liver values are from nestlings, while plasma and egg values are from adult female birds precluding direct tissue comparison""",NA,NA,NA,NA,6,NA
04/07/2022 14:13:56,m_117,sm_017,pfas_010,1.48,ng/g ww,NA,NA,0.89,NA,11,adult,NA,1.23,NA,NA,NA,NA,"6 detections (Table 3). ""From the Sklinna site we analysed [...] 8 eggs and 11 plasma samples as well as 6 liver samples from European shag for PFCs collected in 2004. [...] It must be kept in mind that liver values are from nestlings, while plasma and egg values are from adult female birds precluding direct tissue comparison""",NA,NA,NA,NA,6,NA
04/07/2022 14:14:42,m_118,sm_017,pfas_012,NA,Check LOD_comment,NA,NA,NA,NA,11,adult,NA,NA,0.6,NA,NA,NA,"0 detections in the 11 samples (Table 3). ""From the Sklinna site we analysed [...] 8 eggs and 11 plasma samples as well as 6 liver samples from European shag for PFCs collected in 2004. [...] It must be kept in mind that liver values are from nestlings, while plasma and egg values are from adult female birds precluding direct tissue comparison""",NA,"""The limit of detection (LOD) was calculated as 3 times signal/noise for each compound and sample type. The detection limits are therefore a function of the sample amount extracted and varied between samples as well as between analytes (0.01–1.20 ng/g for PFC). All values below LOD were marked as non-detects""",NA,LOD,0,LOD value = 0.6 = mean of the LOD range (0.01–1.20 ng/g for PFC)
04/07/2022 14:15:50,m_119,sm_018,pfas_015,9.23,ng/g ww,NA,NA,4.93,NA,6,chick,NA,7.6,NA,NA,NA,NA,"6 detections (Table 3). ""From the Sklinna site we analysed [...] 8 eggs and 11 plasma samples as well as 6 liver samples from European shag for PFCs collected in 2004. [...] It must be kept in mind that liver values are from nestlings, while plasma and egg values are from adult female birds precluding direct tissue comparison""",NA,NA,NA,NA,6,NA
04/07/2022 14:16:39,m_120,sm_018,pfas_004,1.42,ng/g ww,NA,NA,0.75,NA,6,chick,NA,1.4,NA,NA,NA,NA,"6 detections (Table 3). ""From the Sklinna site we analysed [...] 8 eggs and 11 plasma samples as well as 6 liver samples from European shag for PFCs collected in 2004. [...] It must be kept in mind that liver values are from nestlings, while plasma and egg values are from adult female birds precluding direct tissue comparison""",NA,NA,NA,NA,6,NA
04/07/2022 14:17:25,m_121,sm_018,pfas_001,28.6,ng/g ww,NA,NA,11.1,NA,6,chick,NA,26.9,NA,NA,NA,NA,"6 detections (Table 3). ""From the Sklinna site we analysed [...] 8 eggs and 11 plasma samples as well as 6 liver samples from European shag for PFCs collected in 2004. [...] It must be kept in mind that liver values are from nestlings, while plasma and egg values are from adult female birds precluding direct tissue comparison""",NA,NA,NA,NA,6,NA
04/07/2022 14:18:27,m_122,sm_018,pfas_005,NA,Check LOD_comment,NA,NA,NA,NA,6,chick,NA,NA,0.6,NA,NA,NA,"0 detections in the 6 samples (Table 3). ""From the Sklinna site we analysed [...] 8 eggs and 11 plasma samples as well as 6 liver samples from European shag for PFCs collected in 2004. [...] It must be kept in mind that liver values are from nestlings, while plasma and egg values are from adult female birds precluding direct tissue comparison""",NA,"""The limit of detection (LOD) was calculated as 3 times signal/noise for each compound and sample type. The detection limits are therefore a function of the sample amount extracted and varied between samples as well as between analytes (0.01–1.20 ng/g for PFC). All values below LOD were marked as non-detects""",NA,LOD,0,LOD value = 0.6 = mean of the LOD range (0.01–1.20 ng/g for PFC)
04/07/2022 14:22:25,m_123,sm_018,pfas_006,1.42,ng/g ww,NA,NA,0.75,NA,6,chick,NA,1.4,NA,NA,NA,NA,"6 detections (Table 3). ""From the Sklinna site we analysed [...] 8 eggs and 11 plasma samples as well as 6 liver samples from European shag for PFCs collected in 2004. [...] It must be kept in mind that liver values are from nestlings, while plasma and egg values are from adult female birds precluding direct tissue comparison""",NA,NA,NA,NA,6,NA
04/07/2022 14:24:53,m_124,sm_018,pfas_002,2.98,ng/g ww,NA,NA,2.91,NA,6,chick,NA,1.38,NA,NA,NA,NA,"6 detections (Table 3). ""From the Sklinna site we analysed [...] 8 eggs and 11 plasma samples as well as 6 liver samples from European shag for PFCs collected in 2004. [...] It must be kept in mind that liver values are from nestlings, while plasma and egg values are from adult female birds precluding direct tissue comparison""",NA,NA,NA,NA,6,NA
04/07/2022 14:26:07,m_125,sm_018,pfas_008,NA,Check LOD_comment,NA,NA,NA,NA,6,chick,NA,NA,0.6,NA,NA,NA,"0 detections in the 6 samples (Table 3). ""From the Sklinna site we analysed [...] 8 eggs and 11 plasma samples as well as 6 liver samples from European shag for PFCs collected in 2004. [...] It must be kept in mind that liver values are from nestlings, while plasma and egg values are from adult female birds precluding direct tissue comparison""",NA,"""The limit of detection (LOD) was calculated as 3 times signal/noise for each compound and sample type. The detection limits are therefore a function of the sample amount extracted and varied between samples as well as between analytes (0.01–1.20 ng/g for PFC). All values below LOD were marked as non-detects""",NA,LOD,0,LOD value = 0.6 = mean of the LOD range (0.01–1.20 ng/g for PFC)
04/07/2022 14:26:44,m_126,sm_018,pfas_009,8.69,ng/g ww,NA,NA,5.72,NA,6,chick,NA,7.85,NA,NA,NA,NA,"6 detections (Table 3). ""From the Sklinna site we analysed [...] 8 eggs and 11 plasma samples as well as 6 liver samples from European shag for PFCs collected in 2004. [...] It must be kept in mind that liver values are from nestlings, while plasma and egg values are from adult female birds precluding direct tissue comparison""",NA,NA,NA,NA,6,NA
04/07/2022 14:28:30,m_127,sm_018,pfas_010,NA,Check LOD_comment,NA,NA,NA,NA,6,chick,NA,NA,0.6,NA,NA,NA,"0 detections in the 6 samples (Table 3). ""From the Sklinna site we analysed [...] 8 eggs and 11 plasma samples as well as 6 liver samples from European shag for PFCs collected in 2004. [...] It must be kept in mind that liver values are from nestlings, while plasma and egg values are from adult female birds precluding direct tissue comparison""",NA,"""The limit of detection (LOD) was calculated as 3 times signal/noise for each compound and sample type. The detection limits are therefore a function of the sample amount extracted and varied between samples as well as between analytes (0.01–1.20 ng/g for PFC). All values below LOD were marked as non-detects""",NA,LOD,0,LOD value = 0.6 = mean of the LOD range (0.01–1.20 ng/g for PFC)
04/07/2022 14:29:11,m_128,sm_018,pfas_012,NA,Check LOD_comment,NA,NA,NA,NA,6,chick,NA,NA,0.6,NA,NA,NA,"0 detections in the 6 samples (Table 3). ""From the Sklinna site we analysed [...] 8 eggs and 11 plasma samples as well as 6 liver samples from European shag for PFCs collected in 2004. [...] It must be kept in mind that liver values are from nestlings, while plasma and egg values are from adult female birds precluding direct tissue comparison""",NA,"""The limit of detection (LOD) was calculated as 3 times signal/noise for each compound and sample type. The detection limits are therefore a function of the sample amount extracted and varied between samples as well as between analytes (0.01–1.20 ng/g for PFC). All values below LOD were marked as non-detects""",NA,LOD,0,LOD value = 0.6 = mean of the LOD range (0.01–1.20 ng/g for PFC)
04/07/2022 14:30:09,m_129,sm_019,pfas_015,1.02,ng/g ww,NA,NA,0.35,NA,8,egg,NA,1,NA,NA,NA,NA,"6 detections (Table 3). ""From the Sklinna site we analysed [...] 8 eggs and 11 plasma samples as well as 6 liver samples from European shag for PFCs collected in 2004. [...] It must be kept in mind that liver values are from nestlings, while plasma and egg values are from adult female birds precluding direct tissue comparison""",NA,NA,NA,NA,6,NA
04/07/2022 14:31:01,m_130,sm_019,pfas_004,0.92,ng/g ww,NA,NA,0.46,NA,8,egg,NA,0.75,NA,NA,NA,NA,"6 detections (Table 3). ""From the Sklinna site we analysed [...] 8 eggs and 11 plasma samples as well as 6 liver samples from European shag for PFCs collected in 2004. [...] It must be kept in mind that liver values are from nestlings, while plasma and egg values are from adult female birds precluding direct tissue comparison""",NA,NA,NA,NA,6,NA
04/07/2022 14:31:54,m_131,sm_019,pfas_001,36.8,ng/g ww,NA,NA,21.3,NA,8,egg,NA,28.9,NA,NA,NA,NA,"6 detections (Table 3). ""From the Sklinna site we analysed [...] 8 eggs and 11 plasma samples as well as 6 liver samples from European shag for PFCs collected in 2004. [...] It must be kept in mind that liver values are from nestlings, while plasma and egg values are from adult female birds precluding direct tissue comparison""",NA,NA,NA,NA,6,NA
04/07/2022 14:32:59,m_132,sm_019,pfas_005,0.5,ng/g ww,NA,NA,0.28,NA,8,egg,NA,0.5,NA,NA,NA,NA,"6 detections (Table 3). ""From the Sklinna site we analysed [...] 8 eggs and 11 plasma samples as well as 6 liver samples from European shag for PFCs collected in 2004. [...] It must be kept in mind that liver values are from nestlings, while plasma and egg values are from adult female birds precluding direct tissue comparison""",NA,NA,NA,NA,6,NA
04/07/2022 14:33:52,m_133,sm_019,pfas_006,0.92,ng/g ww,NA,NA,0.46,NA,8,egg,NA,0.75,NA,NA,NA,NA,"6 detections (Table 3). ""From the Sklinna site we analysed [...] 8 eggs and 11 plasma samples as well as 6 liver samples from European shag for PFCs collected in 2004. [...] It must be kept in mind that liver values are from nestlings, while plasma and egg values are from adult female birds precluding direct tissue comparison""",NA,NA,NA,NA,6,NA
04/07/2022 14:34:41,m_134,sm_019,pfas_002,NA,Check LOD_comment,NA,NA,NA,NA,8,egg,NA,NA,0.6,NA,NA,NA,"0 detections in the 8 samples (Table 3). ""From the Sklinna site we analysed [...] 8 eggs and 11 plasma samples as well as 6 liver samples from European shag for PFCs collected in 2004. [...] It must be kept in mind that liver values are from nestlings, while plasma and egg values are from adult female birds precluding direct tissue comparison""",NA,"""The limit of detection (LOD) was calculated as 3 times signal/noise for each compound and sample type. The detection limits are therefore a function of the sample amount extracted and varied between samples as well as between analytes (0.01–1.20 ng/g for PFC). All values below LOD were marked as non-detects""",NA,LOD,0,LOD value = 0.6 = mean of the LOD range (0.01–1.20 ng/g for PFC)
04/07/2022 14:35:54,m_135,sm_019,pfas_008,NA,Check LOD_comment,NA,NA,NA,NA,8,egg,NA,NA,0.6,NA,NA,NA,"0 detections in the 8 samples (Table 3). ""From the Sklinna site we analysed [...] 8 eggs and 11 plasma samples as well as 6 liver samples from European shag for PFCs collected in 2004. [...] It must be kept in mind that liver values are from nestlings, while plasma and egg values are from adult female birds precluding direct tissue comparison""",NA,"""The limit of detection (LOD) was calculated as 3 times signal/noise for each compound and sample type. The detection limits are therefore a function of the sample amount extracted and varied between samples as well as between analytes (0.01–1.20 ng/g for PFC). All values below LOD were marked as non-detects""",NA,LOD,0,LOD value = 0.6 = mean of the LOD range (0.01–1.20 ng/g for PFC)
04/07/2022 14:37:21,m_136,sm_019,pfas_009,2.05,ng/g ww,NA,NA,1.62,NA,8,egg,NA,1.85,NA,NA,NA,NA,"6 detections (Table 3). ""From the Sklinna site we analysed [...] 8 eggs and 11 plasma samples as well as 6 liver samples from European shag for PFCs collected in 2004. [...] It must be kept in mind that liver values are from nestlings, while plasma and egg values are from adult female birds precluding direct tissue comparison""",NA,NA,NA,NA,6,NA
04/07/2022 14:38:15,m_137,sm_019,pfas_010,2.33,ng/g ww,NA,NA,1.76,NA,8,egg,NA,1.65,NA,NA,NA,NA,"6 detections (Table 3). ""From the Sklinna site we analysed [...] 8 eggs and 11 plasma samples as well as 6 liver samples from European shag for PFCs collected in 2004. [...] It must be kept in mind that liver values are from nestlings, while plasma and egg values are from adult female birds precluding direct tissue comparison""",NA,NA,NA,NA,6,NA
04/07/2022 14:39:07,m_138,sm_019,pfas_012,2.97,ng/g ww,NA,NA,1.93,NA,8,egg,NA,2.4,NA,NA,NA,NA,"6 detections (Table 3). ""From the Sklinna site we analysed [...] 8 eggs and 11 plasma samples as well as 6 liver samples from European shag for PFCs collected in 2004. [...] It must be kept in mind that liver values are from nestlings, while plasma and egg values are from adult female birds precluding direct tissue comparison""",NA,NA,NA,NA,6,NA
28/06/2022 13:40:54,m_139,sm_013,pfas_010,0.41,ng/g ww,NA,NA,0.11,NA,15,adult,NA,NA,NA,0.27,0.66,ng/g ww,"""From each colony 15 blood samples and eggs were collected.""",NA,NA,NA,NA,15,NA
28/06/2022 13:42:11,m_140,sm_013,pfas_011,0.85,ng/g ww,NA,NA,0.73,NA,15,adult,NA,NA,NA,0.21,3.01,ng/g ww,"""From each colony 15 blood samples and eggs were collected.""",NA,NA,NA,NA,15,NA
28/06/2022 13:45:07,m_141,sm_013,pfas_012,0.72,ng/g ww,NA,NA,0.24,NA,15,adult,NA,NA,NA,0.32,1.14,ng/g ww,"""From each colony 15 blood samples and eggs were collected.""",NA,NA,NA,NA,15,NA
28/06/2022 13:45:53,m_142,sm_013,pfas_013,0.66,ng/g ww,NA,NA,0.5,NA,15,adult,NA,NA,NA,0.15,2.16,ng/g ww,"""From each colony 15 blood samples and eggs were collected.""",NA,NA,NA,NA,15,NA
28/06/2022 13:46:35,m_143,sm_013,pfas_001,11.2,ng/g ww,NA,NA,7.14,NA,15,adult,NA,NA,NA,2.72,6.43,ng/g ww,"""From each colony 15 blood samples and eggs were collected.""",NA,NA,NA,NA,15,NA
28/06/2022 13:47:39,m_144,sm_014,pfas_010,1.15,ng/g ww,NA,NA,0.41,NA,15,adult,NA,NA,NA,0.47,2.1,ng/g ww,"""From each colony 15 blood samples and eggs were collected.""",NA,NA,NA,NA,15,NA
28/06/2022 13:48:17,m_145,sm_014,pfas_011,1.41,ng/g ww,NA,NA,0.73,NA,15,adult,NA,NA,NA,0.59,2.89,ng/g ww,"""From each colony 15 blood samples and eggs were collected.""",NA,NA,NA,NA,15,NA
28/06/2022 13:49:19,m_146,sm_014,pfas_012,1.64,ng/g ww,NA,NA,0.65,NA,15,adult,NA,NA,NA,0.4,3.33,ng/g ww,"""From each colony 15 blood samples and eggs were collected.""",NA,NA,NA,NA,15,NA
28/06/2022 13:49:56,m_147,sm_014,pfas_013,1.02,ng/g ww,NA,NA,0.63,NA,15,adult,NA,NA,NA,0.38,2.52,ng/g ww,"""From each colony 15 blood samples and eggs were collected.""",NA,NA,NA,NA,15,NA
28/06/2022 13:51:19,m_148,sm_014,pfas_001,18.7,ng/g ww,NA,NA,11.5,NA,15,adult,NA,NA,NA,6.45,51.4,ng/g ww,"""From each colony 15 blood samples and eggs were collected.""",NA,NA,NA,NA,15,NA
28/06/2022 13:55:04,m_149,sm_015,pfas_010,0.6,ng/g ww,NA,NA,0.33,NA,15,egg,NA,NA,NA,0.28,1.51,ng/g ww,"""From each colony 15 blood samples and eggs were collected.""",NA,NA,NA,NA,15,NA
28/06/2022 13:55:54,m_150,sm_015,pfas_011,0.87,ng/g ww,NA,NA,1.05,NA,15,egg,NA,NA,NA,0.1,2.42,ng/g ww,"""From each colony 15 blood samples and eggs were collected.""",NA,NA,NA,NA,15,NA
28/06/2022 13:56:37,m_151,sm_015,pfas_012,1.06,ng/g ww,NA,NA,0.69,NA,15,egg,NA,NA,NA,0.37,2.77,ng/g ww,"""From each colony 15 blood samples and eggs were collected.""",NA,NA,NA,NA,15,NA
28/06/2022 13:57:10,m_152,sm_015,pfas_013,1,ng/g ww,NA,NA,0.86,NA,15,egg,NA,NA,NA,0.36,3.61,ng/g ww,"""From each colony 15 blood samples and eggs were collected.""",NA,NA,NA,NA,15,NA
28/06/2022 13:57:57,m_153,sm_015,pfas_001,25.6,ng/g ww,NA,NA,42.3,NA,15,egg,NA,NA,NA,4.17,172,ng/g ww,"""From each colony 15 blood samples and eggs were collected.""",NA,NA,NA,NA,15,NA
28/06/2022 13:59:54,m_154,sm_016,pfas_010,1,ng/g ww,NA,NA,0.6,NA,15,egg,NA,NA,NA,0.21,2.46,ng/g ww,"""From each colony 15 blood samples and eggs were collected.""",NA,NA,NA,NA,15,NA
28/06/2022 14:00:32,m_155,sm_016,pfas_011,1.09,ng/g ww,NA,NA,1.47,NA,15,egg,NA,NA,NA,0.15,6.26,ng/g ww,"""From each colony 15 blood samples and eggs were collected.""",NA,NA,NA,NA,15,NA
28/06/2022 14:01:06,m_156,sm_016,pfas_012,1.76,ng/g ww,NA,NA,1.24,NA,15,egg,NA,NA,NA,0.42,5.51,ng/g ww,"""From each colony 15 blood samples and eggs were collected.""",NA,NA,NA,NA,15,NA
28/06/2022 14:01:50,m_157,sm_016,pfas_013,1.26,ng/g ww,NA,NA,1.51,NA,15,egg,NA,NA,NA,0.38,6.49,ng/g ww,"""From each colony 15 blood samples and eggs were collected.""",NA,NA,NA,NA,15,NA
28/06/2022 14:02:28,m_158,sm_016,pfas_001,38.5,ng/g ww,NA,NA,32.2,NA,15,egg,NA,NA,NA,4.39,126,ng/g ww,"""From each colony 15 blood samples and eggs were collected.""",NA,NA,NA,NA,15,NA
12/07/2022 12:19:18,m_159,sm_020,pfas_008,0.617,ng/g ww,NA,NA,1.451156974,Not provided. We estimated the SD using the formula from Wan et al. (2014) Scenario 1.,20,egg,NA,0.493,0.201,0.1005,1.654,Min = LOD/2,""" We analyzed 20 eggs from each year for PFASs""",NA,LOD = 0.201,0.488,NA,20,NA
12/07/2022 12:21:21,m_160,sm_020,pfas_009,1.44,ng/g ww,NA,NA,2.493168949,Not provided. We estimated the SD using the formula from Wan et al. (2014) Scenario 1.,20,egg,NA,1.52,NA,0.271,2.94,NA,"""We analyzed 20 eggs from each year for PFASs""",NA,NA,1.22,NA,20,NA
12/07/2022 12:22:44,m_161,sm_020,pfas_010,9.09,ng/g ww,NA,NA,9.31318637,Not provided. We estimated the SD using the formula from Wan et al. (2014) Scenario 1.,20,egg,NA,9.79,NA,3.13,13.1,NA,"""We analyzed 20 eggs from each year for PFASs""",NA,NA,8.47,NA,20,NA
12/07/2022 12:23:54,m_162,sm_020,pfas_011,3.08,ng/g ww,NA,NA,4.63324016,Not provided. We estimated the SD using the formula from Wan et al. (2014) Scenario 1.,20,egg,NA,2.93,NA,0.85,5.81,NA,"""We analyzed 20 eggs from each year for PFASs""",NA,NA,2.76,NA,20,NA
12/07/2022 12:25:49,m_163,sm_020,pfas_012,7.39,ng/g ww,NA,NA,10.06048317,Not provided. We estimated the SD using the formula from Wan et al. (2014) Scenario 1.,20,egg,NA,7.23,NA,2.43,13.2,NA,"""We analyzed 20 eggs from each year for PFASs""",NA,NA,6.77,NA,20,NA
12/07/2022 12:28:03,m_164,sm_020,pfas_013,0.496,ng/g ww,NA,NA,0.406765005,Not provided. We estimated the SD using the formula from Wan et al. (2014) Scenario 1.,10,egg,NA,0.55,NA,0.171,0.697,NA,"""Results only reported for API 4000 LC-MS/MS; n = 10 for 1980 and 2008""",NA,NA,0.595,NA,10,NA
12/07/2022 12:30:17,m_165,sm_020,pfas_004,0.146,ng/g ww,NA,NA,0.266224485,Not provided. We estimated the SD using the formula from Wan et al. (2014) Scenario 1.,20,egg,NA,0.115,NA,0.054,0.339,NA,"""We analyzed 20 eggs from each year for PFASs""",NA,NA,0.123,NA,20,NA
12/07/2022 13:21:06,m_166,sm_020,pfas_016,0.172,ng/g ww,NA,NA,0.346558891,Not provided. We estimated the SD using the formula from Wan et al. (2014) Scenario 1.,20,egg,NA,0.133,0.066,0.033,0.404,Min = LOD/2,"""We analyzed 20 eggs from each year for PFASs""",NA,LOD = 0.066,0.15,NA,20,NA
12/07/2022 13:24:32,m_167,sm_020,pfas_001,24,ng/g ww,NA,NA,34.4690649,Not provided. We estimated the SD using the formula from Wan et al. (2014) Scenario 1.,20,egg,NA,23,NA,8.1,45,NA,"""We analyzed 20 eggs from each year for PFASs""",NA,NA,22,NA,20,NA
12/07/2022 13:26:25,m_168,sm_020,pfas_005,0.161,ng/g ww,NA,NA,0.143837055,Not provided. We estimated the SD using the formula from Wan et al. (2014) Scenario 1.,10,egg,NA,0.172,NA,0.062,0.248,NA,"""Results only reported for API 4000 LC-MS/MS; n = 10 for 1980 and 2008""",NA,NA,0.15,NA,10,NA
12/07/2022 13:28:18,m_169,sm_020,pfas_015,0.047,ng/g ww,NA,NA,0.0994838865,Not provided. We estimated the SD using the formula from Wan et al. (2014) Scenario 1.,20,egg,NA,0.053,0.005,0.0025,0.109,Min = LOD/2,"""We analyzed 20 eggs from each year for PFASs""",NA,LOD = 0.005,0.036,NA,20,NA
12/07/2022 13:34:35,m_170,sm_021,pfas_007,0.041,ng/g ww,NA,NA,0.0438135225,Not provided. We estimated the SD using the formula from Wan et al. (2014) Scenario 1.,11,adult,NA,0.04,0.034,0.017,0.072,Min = LOD/2,"""female (n = 11)""",NA,LOD = 0.034,0.035,NA,11,NA
12/07/2022 13:36:31,m_171,sm_021,pfas_002,0.249,ng/g ww,NA,NA,0.3815759505,Not provided. We estimated the SD using the formula from Wan et al. (2014) Scenario 1.,11,adult,NA,0.248,NA,0.015,0.494,NA,"""female (n = 11)""",NA,NA,0.169,NA,11,NA
12/07/2022 13:38:12,m_172,sm_021,pfas_008,0.709,ng/g ww,NA,NA,1.006914408,Not provided. We estimated the SD using the formula from Wan et al. (2014) Scenario 1.,11,adult,NA,0.657,NA,0.376,1.64,NA,"""female (n = 11)""",NA,NA,0.656,NA,11,NA
12/07/2022 13:39:39,m_173,sm_021,pfas_009,1.39,ng/g ww,NA,NA,1.057100807,Not provided. We estimated the SD using the formula from Wan et al. (2014) Scenario 1.,11,adult,NA,1.4,NA,0.713,2.04,NA,"""female (n = 11)""",NA,NA,1.34,NA,11,NA
12/07/2022 13:41:23,m_174,sm_021,pfas_010,9.05,ng/g ww,NA,NA,8.18914566,Not provided. We estimated the SD using the formula from Wan et al. (2014) Scenario 1.,11,adult,NA,9.06,NA,3.52,13.8,NA,"""female (n = 11)""",NA,NA,8.58,NA,11,NA
12/07/2022 13:42:54,m_175,sm_021,pfas_011,2.63,ng/g ww,NA,NA,2.413726785,Not provided. We estimated the SD using the formula from Wan et al. (2014) Scenario 1.,11,adult,NA,2.74,NA,0.93,3.96,NA,"""female (n = 11)""",NA,NA,2.48,NA,11,NA
12/07/2022 13:44:40,m_176,sm_021,pfas_012,8.97,ng/g ww,NA,NA,10.66660121,Not provided. We estimated the SD using the formula from Wan et al. (2014) Scenario 1.,11,adult,NA,8.66,NA,3.01,16.4,NA,"""female (n = 11)""",NA,NA,8.21,NA,11,NA
12/07/2022 13:45:56,m_177,sm_021,pfas_013,1.01,ng/g ww,NA,NA,1.235541335,Not provided. We estimated the SD using the formula from Wan et al. (2014) Scenario 1.,11,adult,NA,0.994,NA,0.359,1.91,NA,"""female (n = 11)""",NA,NA,0.918,NA,11,NA
12/07/2022 13:47:06,m_178,sm_021,pfas_004,0.431,ng/g ww,NA,NA,0.2477455545,Not provided. We estimated the SD using the formula from Wan et al. (2014) Scenario 1.,11,adult,NA,0.406,NA,0.27,0.581,NA,"""female (n = 11)""",NA,NA,0.419,NA,11,NA
12/07/2022 13:50:42,m_179,sm_021,pfas_016,0.162,ng/g ww,NA,NA,0.1537456335,Not provided. We estimated the SD using the formula from Wan et al. (2014) Scenario 1.,11,adult,NA,0.195,0.066,0.033,0.226,Min = LOD/2,"""female (n = 11)""",NA,LOD = 0.066,0.149,NA,11,NA
12/07/2022 13:52:50,m_180,sm_021,pfas_001,23,ng/g ww,NA,NA,21.91472735,Not provided. We estimated the SD using the formula from Wan et al. (2014) Scenario 1.,11,adult,NA,24,NA,9.49,37,NA,"""female (n = 11)""",NA,NA,22,NA,11,NA
12/07/2022 13:54:12,m_181,sm_021,pfas_005,0.282,ng/g ww,NA,NA,0.2573048685,Not provided. We estimated the SD using the formula from Wan et al. (2014) Scenario 1.,11,adult,NA,0.29,NA,0.12,0.443,NA,"""female (n = 11)""",NA,NA,0.267,NA,11,NA
12/07/2022 13:55:49,m_182,sm_021,pfas_015,0.5295,Not provided. Calculate using formula from Wan et al. (2014) Scenario 1.,NA,NA,0.050983008,Not provided. We estimated the SD using the formula from Wan et al. (2014) Scenario 1.,11,adult,NA,0.994,0.066,0.033,0.097,Min = LOD/2,"""female (n = 11)""",NA,LOD = 0.066,NA,NA,11,NA